Gender,Age,edu,I am familiar with the Blackbox nature of Machine learning        ,exp_1,exp_2,exp_3,exp_4,exp_5,satis_1,satis_2,satis_3,satis_4,satis_5,satis_6,trust_1,trust_2,trust_3,trust_4,trust_5,trust_6,group
Female,33,Undertaking Doctoral Studies,Yes,Neutral,Agree,Disagree,Neutral,Neutral,Agree,Agree,Agree,Agree,Agree,Agree,Agree,Agree,Strongly Agree,Agree,Agree,Agree,exp
Female,44,Undertaking Doctoral Studies,No,Strongly disagree,Strongly disagree,Strongly Disagree,Strongly Disagree,Strongly Disagree,Strongly Disagree,Strongly Disagree,Strongly Disagree,Strongly Disagree,Strongly disagree,Strongly Disagree,Strongly Disagree,Strongly Disagree,Strongly Disagree,Strongly Disagree,Strongly Disagree,Strongly Disagree,exp
Female,20,Undertaking Undergraduate Studies,Yes,Agree,Agree,Strongly Agree,Agree,Agree,Neutral,Agree,Agree,Agree,Agree,Agree,Disagree,Disagree,Neutral,Agree,Neutral,Neutral,exp
Male,26,"Completed University level studies include (Undergraduate, Master and Doctoral)",Yes,Disagree,Disagree,Strongly Disagree,Disagree,Disagree,Agree,Agree,Neutral,Strongly Disagree,Strongly disagree,Strongly Disagree,Strongly Disagree,Strongly Disagree,Strongly Disagree,Strongly Disagree,Disagree,Agree,exp
Male,21,Undertaking Undergraduate Studies,Yes,Agree,Agree,Neutral,Agree,Agree,Neutral,Strongly Agree,Strongly Agree,Strongly Agree,Neutral,Disagree,Disagree,Strongly Agree,Agree,Agree,Disagree,Agree,exp
Female,20,Undertaking Undergraduate Studies,Yes,Strongly agree,Strongly agree,Strongly Agree,Strongly Agree,Strongly Agree,Strongly Agree,Strongly Agree,Strongly Agree,Strongly Agree,Agree,Strongly Agree,Agree,Neutral,Neutral,Strongly Agree,Strongly Agree,Strongly Agree,exp
Female,25,Undertaking Master Studies,Yes,Agree,Strongly agree,Neutral,Agree,Agree,Strongly Agree,Agree,Agree,Neutral,Agree,Neutral,Strongly Agree,Agree,Neutral,Strongly Agree,Neutral,Agree,exp
Female,27,Undertaking Doctoral Studies,Yes,Agree,Neutral,Agree,Neutral,Agree,Neutral,Agree,Agree,Neutral,Strongly agree,Agree,Neutral,Agree,Strongly Agree,Agree,Neutral,Agree,exp
Female,26,Undertaking Undergraduate Studies,Yes,Agree,,Neutral,Strongly Agree,Agree,Strongly Agree,Agree,Neutral,Agree,Agree,Strongly Agree,Disagree,Agree,Strongly Agree,Neutral,Agree,Agree,exp
Female,24,Undertaking Master Studies,Yes,Neutral,Strongly agree,Agree,Strongly Agree,Strongly Agree,Agree,Strongly Agree,Strongly Agree,Agree,Neutral,Strongly Agree,Strongly Agree,Agree,Agree,Agree,Agree,Strongly Agree,exp
Female,30,"Completed University level studies include (Undergraduate, Master and Doctoral)",Yes,Neutral,Agree,Strongly Agree,Agree,Neutral,Agree,Strongly Agree,Neutral,Strongly Agree,Agree,Neutral,Strongly Agree,Agree,Strongly Agree,Agree,Neutral,Strongly Agree,exp
Male,22,Undertaking Undergraduate Studies,Yes,Agree,Neutral,Strongly Agree,Agree,Neutral,Strongly Agree,Neutral,Agree,Agree,Neutral,Strongly Agree,Agree,Strongly Agree,Neutral,Agree,Neutral,Strongly Agree,exp
Female,29,Undertaking Undergraduate Studies,Yes,Agree,Strongly agree,Agree,Neutral,Strongly Agree,Agree,Neutral,Strongly Agree,Agree,Strongly agree,Agree,Neutral,Strongly Agree,Agree,Strongly Agree,Neutral,Agree,exp
Female,25,Undertaking Undergraduate Studies,Yes,Agree,Strongly agree,Agree,Disagree,Strongly Agree,Neutral,Agree,Strongly Agree,Neutral,Strongly agree,Agree,Strongly Agree,Agree,Strongly Agree,Strongly Agree,Neutral,Agree,exp
Female,31,Undertaking Master Studies,Yes,Strongly agree,Agree,Neutral,Agree,Neutral,Strongly Agree,Agree,Neutral,Strongly Agree,Agree,Neutral,Strongly Agree,Neutral,Strongly Agree,Agree,Neutral,Agree,exp
Female,24,Undertaking Master Studies,Yes,Agree,Neutral,Strongly Agree,Agree,Neutral,Strongly Agree,Agree,Strongly Agree,Agree,Neutral,Strongly Agree,Agree,Strongly Agree,Agree,Neutral,Strongly Agree,Agree,exp
Female,28,Undertaking Doctoral Studies,Yes,Agree,Strongly agree,Agree,Strongly Agree,Agree,Neutral,Agree,Strongly Agree,Agree,Strongly agree,Neutral,Agree,Strongly Agree,Agree,Strongly Agree,Neutral,Agree,exp
Female,19,Undertaking Undergraduate Studies,Yes,Strongly agree,Strongly agree,Neutral,Agree,Neutral,Agree,Strongly Agree,Agree,Neutral,Agree,Strongly Agree,Neutral,Agree,Strongly Agree,Neutral,Agree,Strongly Agree,exp
Male,25,Undertaking Undergraduate Studies,Yes,Agree,Agree,Strongly Agree,Neutral,Agree,Strongly Agree,Neutral,Strongly Agree,Agree,Neutral,Strongly Agree,Agree,Neutral,Strongly Agree,Agree,Neutral,Strongly Agree,exp
Male,28,Undertaking Undergraduate Studies,Yes,Strongly agree,Agree,Agree,Neutral,Strongly Agree,Strongly Agree,Neutral,Agree,Agree,Disagree,Agree,Strongly Agree,Neutral,Strongly Agree,Agree,Strongly Agree,Neutral,exp
Male,18,Undertaking Undergraduate Studies,Yes,Agree,Neutral,Agree,Neutral,Strongly Agree,Agree,Neutral,Strongly Agree,Agree,Neutral,Agree,Neutral,Strongly Agree,Agree,Neutral,Agree,Agree,exp
Female,27,Undertaking Master Studies,Yes,Agree,Strongly agree,Agree,Neutral,Strongly Agree,Agree,Neutral,Strongly Agree,Strongly Agree,Disagree,Agree,Strongly Agree,Strongly Agree,Agree,Neutral,Strongly Agree,Agree,exp
Female,29,Undertaking Doctoral Studies,Yes,Agree,Strongly agree,Agree,Neutral,Agree,Strongly Agree,Agree,Neutral,Strongly Agree,Neutral,Agree,Agree,Strongly Agree,Strongly Agree,Agree,Strongly Agree,Strongly Agree,exp
Male,25,Undertaking Master Studies,Yes,Neutral,Strongly agree,Agree,Strongly Agree,Agree,Agree,Neutral,Strongly Agree,Strongly Agree,Neutral,Agree,Neutral,Strongly Agree,Strongly Agree,Agree,Strongly Agree,Strongly Agree,exp
Female,21,Undertaking Undergraduate Studies,Yes,Agree,Strongly disagree,Neutral,Strongly Agree,Strongly Disagree,Neutral,Strongly Agree,Agree,Agree,Agree,Strongly Agree,Disagree,Strongly Agree,Strongly Agree,Agree,Agree,Neutral,exp
Female,20,Undertaking Undergraduate Studies,Yes,Agree,Strongly agree,Agree,Neutral,Strongly Agree,Neutral,Strongly Agree,Agree,Neutral,Neutral,Strongly Agree,Strongly Agree,Agree,Strongly Agree,Strongly Agree,Agree,Neutral,exp
Female,23,Undertaking Undergraduate Studies,Yes,Agree,Agree,Strongly Agree,Agree,Neutral,Strongly Agree,Agree,Agree,Strongly Agree,Agree,Strongly Agree,Strongly Agree,Strongly Agree,Neutral,Agree,Neutral,Agree,exp
Female,18,Undertaking Undergraduate Studies,Yes,Agree,Agree,Strongly Agree,Neutral,Strongly Agree,Agree,Neutral,Strongly Agree,Agree,Agree,Strongly Agree,Agree,Neutral,Strongly Agree,Strongly Agree,Neutral,Agree,exp
Male,22,Undertaking Undergraduate Studies,Yes,Agree,Strongly agree,Agree,Neutral,Neutral,Agree,Agree,Strongly Agree,Strongly Agree,Agree,Neutral,Agree,Strongly Agree,Agree,Strongly Agree,Neutral,Strongly Agree,exp
Male,20,Undertaking Undergraduate Studies,Yes,Agree,Strongly agree,Neutral,Strongly Agree,Agree,Neutral,Agree,Strongly Agree,Neutral,Strongly agree,Agree,Agree,Strongly Agree,Agree,Neutral,Agree,Strongly Agree,exp
Male,19,Undertaking Undergraduate Studies,Yes,Neutral,Strongly agree,Neutral,Agree,Strongly Agree,Agree,Strongly Agree,Neutral,Strongly Agree,Agree,Strongly Agree,Neutral,Agree,Strongly Agree,Strongly Agree,Neutral,Agree,exp
Female,28,Undertaking Master Studies,Yes,Agree,Strongly agree,Agree,Neutral,Strongly Agree,Agree,Neutral,Strongly Agree,Agree,Strongly agree,Agree,Strongly Agree,Neutral,Strongly Agree,Strongly Agree,Neutral,Agree,exp
Male,29,Undertaking Undergraduate Studies,Yes,Strongly agree,Agree,Neutral,Agree,Strongly Agree,Neutral,Agree,Strongly Agree,Neutral,Agree,Strongly Agree,Agree,Agree,Agree,Neutral,Strongly Agree,Neutral,exp
Male,25,Undertaking Master Studies,Yes,Agree,Strongly agree,Neutral,Agree,Strongly Agree,Neutral,Agree,Agree,Strongly Agree,Neutral,Agree,Strongly Agree,Agree,Strongly Agree,Neutral,Strongly Agree,Agree,exp
Female,26,Undertaking Doctoral Studies,Yes,Agree,Neutral,Strongly Agree,Neutral,Agree,Strongly Agree,Agree,Agree,Strongly Agree,Strongly agree,Agree,Neutral,Agree,Agree,Strongly Agree,Neutral,Agree,exp
Female,24,Undertaking Undergraduate Studies,Yes,Agree,Neutral,Agree,Strongly Agree,Agree,Agree,Strongly Agree,Neutral,Agree,Agree,Strongly Agree,Agree,Strongly Agree,Strongly Agree,Agree,Agree,Neutral,exp
Male,21,Undertaking Undergraduate Studies,Yes,Strongly agree,Neutral,Agree,Strongly Agree,Neutral,Agree,Neutral,Strongly Agree,Agree,Neutral,Strongly Agree,Agree,Strongly Agree,Agree,Agree,Strongly Agree,Agree,exp
Female,26,Undertaking Master Studies,Yes,Neutral,Strongly agree,Agree,Neutral,Strongly Agree,Agree,Strongly Agree,Agree,Neutral,Strongly agree,Agree,Strongly Agree,Agree,Strongly Agree,Agree,Agree,Strongly Agree,exp
Female,0,Undertaking Doctoral Studies,May be,Agree,Agree,Agree,Agree,Agree,Agree,Agree,Agree,Agree,Agree,Agree,Agree,Agree,Agree,Agree,Agree,Agree,control
Female,33,Undertaking Doctoral Studies,No,Disagree,Strongly disagree,Disagree,Neutral,Agree,Disagree,Strongly Disagree,Strongly Disagree,Strongly Disagree,Disagree,Neutral,Agree,Agree,Agree,Strongly Agree,Agree,Neutral,control
Male,24,Undertaking Doctoral Studies,May be,Agree,Agree,Disagree,Disagree,Neutral,Agree,Agree,Neutral,Agree,Agree,Agree,Agree,Neutral,Neutral,Agree,Neutral,Neutral,control
Female,19,Undertaking Undergraduate Studies,Yes,Neutral,Agree,Agree,Neutral,Neutral,Agree,Agree,Agree,Agree,Agree,Agree,Agree,Neutral,Neutral,Neutral,Agree,Agree,control
Female,43,"Completed University level studies include (Undergraduate, Master and Doctoral)",No,Strongly agree,Strongly agree,Strongly Agree,Strongly Agree,Strongly Agree,Disagree,Agree,Agree,Agree,Agree,Agree,Agree,Agree,Agree,Agree,Disagree,Agree,control
Male,20,Undertaking Undergraduate Studies,Yes,Agree,Agree,Disagree,Disagree,Agree,Neutral,Agree,Agree,Agree,Agree,Disagree,Neutral,Agree,Agree,Disagree,Disagree,Neutral,control
Male,21,Undertaking Undergraduate Studies,Yes,Strongly disagree,Disagree,Agree,Strongly Agree,Strongly Agree,Agree,Strongly Agree,Neutral,Strongly Agree,Agree,Agree,Agree,Strongly Agree,Strongly Agree,Disagree,Strongly Agree,Strongly Agree,control
Female,31,Undertaking Master Studies,Yes,Agree,Agree,Agree,Agree,Neutral,Agree,Agree,Agree,Agree,Agree,Agree,Agree,Agree,Disagree,Agree,Agree,Agree,control
Male,20,Undertaking Doctoral Studies,Yes,Agree,Agree,Agree,Agree,Agree,Agree,Strongly Agree,Strongly Agree,Strongly Agree,Agree,Strongly Agree,Strongly Agree,Agree,Strongly Agree,Agree,Neutral,Strongly Agree,control
Male,27,Undertaking Master Studies,Yes,Agree,Agree,Strongly Disagree,Agree,Strongly Agree,Agree,Neutral,Agree,Strongly Agree,Agree,Strongly Agree,Strongly Agree,Strongly Agree,Agree,Strongly Agree,Agree,Agree,control
Female,24,Undertaking Master Studies,Yes,Agree,Agree,Agree,Agree,Strongly Disagree,Agree,Agree,Agree,Agree,Agree,Agree,Agree,Agree,Strongly Agree,Agree,Neutral,Agree,control
Male,21,Undertaking Undergraduate Studies,Yes,Agree,Agree,Agree,Strongly Disagree,Agree,Strongly Disagree,Disagree,Agree,Agree,Strongly agree,Agree,Strongly Agree,Agree,Agree,Strongly Agree,Strongly Agree,Strongly Agree,control
Female,22,Undertaking Doctoral Studies,Yes,Agree,Agree,Agree,Strongly Agree,Strongly Agree,Neutral,Agree,Strongly Agree,Strongly Agree,Agree,Agree,Strongly Agree,Strongly Agree,Strongly Agree,Strongly Agree,Neutral,Strongly Agree,control
Male,28,Undertaking Master Studies,Yes,Agree,Strongly agree,Agree,Agree,Agree,Agree,Agree,Agree,Agree,Agree,Agree,Agree,Agree,Agree,Agree,Agree,Agree,control
Male,26,Undertaking Undergraduate Studies,Yes,Agree,Strongly agree,Agree,Strongly Agree,Agree,Agree,Strongly Agree,Strongly Agree,Agree,Strongly agree,Strongly Agree,Agree,Neutral,Strongly Agree,Agree,Neutral,Agree,control
Female,22,Undertaking Undergraduate Studies,Yes,Agree,Strongly agree,Agree,Strongly Agree,Agree,Agree,Strongly Agree,Agree,Neutral,Agree,Strongly Agree,Strongly Agree,Strongly Agree,Agree,Neutral,Neutral,Strongly Agree,control
Male,25,Undertaking Doctoral Studies,Yes,Agree,Disagree,Neutral,Agree,Strongly Agree,Agree,Neutral,Strongly Agree,Agree,Neutral,Strongly Agree,Neutral,Agree,Strongly Agree,Strongly Agree,Neutral,Strongly Disagree,control
Female,23,Undertaking Undergraduate Studies,Yes,Agree,Disagree,Agree,Neutral,Strongly Agree,Agree,Agree,Strongly Agree,Agree,Neutral,Agree,Agree,Strongly Agree,Agree,Strongly Agree,Strongly Agree,Neutral,control
Female,28,"Completed University level studies include (Undergraduate, Master and Doctoral)",Yes,Agree,Strongly agree,Strongly Agree,Agree,Strongly Agree,Neutral,Agree,Strongly Agree,Agree,Disagree,Strongly Agree,Agree,Strongly Agree,Strongly Agree,Neutral,Agree,Neutral,control
Female,21,Undertaking Undergraduate Studies,Yes,Agree,Strongly agree,Neutral,Agree,Strongly Agree,Neutral,Agree,Strongly Agree,Agree,Neutral,Neutral,Strongly Agree,Agree,Agree,Neutral,Agree,Strongly Agree,control
Male,25,Undertaking Master Studies,Yes,Strongly agree,Agree,Agree,Neutral,Strongly Agree,Agree,Strongly Agree,Neutral,Strongly Agree,Agree,Neutral,Strongly Agree,Agree,Agree,Strongly Agree,Agree,Strongly Agree,control
Female,10,Undertaking Undergraduate Studies,Yes,Agree,Strongly agree,Neutral,Agree,Neutral,Agree,Strongly Agree,Agree,Disagree,Agree,Strongly Agree,Agree,Strongly Agree,Agree,Neutral,Neutral,Strongly Agree,control
Male,29,Undertaking Master Studies,Yes,Agree,Strongly agree,Neutral,Agree,Strongly Agree,Strongly Agree,Agree,Strongly Agree,Agree,Strongly agree,Agree,Strongly Agree,Agree,Neutral,Strongly Agree,Agree,Strongly Agree,control
Male,27,Undertaking Doctoral Studies,Yes,Strongly agree,Agree,Neutral,Agree,Strongly Agree,Neutral,Agree,Strongly Agree,Agree,Neutral,Strongly Agree,Agree,Neutral,Strongly Agree,Agree,Neutral,Agree,control
Female,18,Undertaking Undergraduate Studies,Yes,Agree,Strongly agree,Agree,Neutral,Strongly Agree,Strongly Agree,Agree,Agree,Neutral,Strongly agree,Agree,Agree,Strongly Agree,Neutral,Agree,Strongly Agree,Neutral,control
Female,22,Undertaking Undergraduate Studies,Yes,Agree,Neutral,Strongly Agree,Agree,Neutral,Agree,Strongly Agree,Neutral,Agree,Agree,Strongly Agree,Neutral,Agree,Neutral,Strongly Agree,Agree,Neutral,control
Female,25,Undertaking Master Studies,Yes,Strongly agree,Agree,Neutral,Strongly Agree,Agree,Neutral,Agree,Strongly Agree,Agree,Neutral,Strongly Agree,Agree,Strongly Agree,Agree,Neutral,Agree,Neutral,control
Female,29,Undertaking Doctoral Studies,Yes,Neutral,Agree,Strongly Agree,Agree,Neutral,Strongly Agree,Neutral,Agree,Agree,Agree,Neutral,Strongly Agree,Agree,Strongly Agree,Neutral,Neutral,Agree,control
Male,23,Undertaking Doctoral Studies,Yes,Agree,Strongly agree,Neutral,Agree,Neutral,Agree,Strongly Agree,Neutral,Agree,Strongly agree,Agree,Neutral,Strongly Agree,Neutral,Agree,Agree,Strongly Agree,control
Male,30,"Completed University level studies include (Undergraduate, Master and Doctoral)",Yes,Neutral,Agree,Strongly Agree,Agree,Strongly Agree,Neutral,Strongly Agree,Agree,Neutral,Agree,Strongly Agree,Agree,Neutral,Neutral,Strongly Agree,Neutral,Agree,control
Female,23,Undertaking Undergraduate Studies,Yes,Agree,Disagree,Strongly Agree,Agree,Strongly Agree,Agree,Neutral,Strongly Agree,Agree,Agree,Strongly Agree,Neutral,Agree,Strongly Agree,Agree,Neutral,Strongly Agree,control
Male,24,Undertaking Doctoral Studies,Yes,Agree,Agree,Neutral,Strongly Agree,Strongly Agree,Neutral,Agree,Strongly Agree,Agree,Neutral,Strongly Agree,Agree,Neutral,Strongly Agree,Agree,Strongly Agree,Neutral,control
Female,29,"Completed University level studies include (Undergraduate, Master and Doctoral)",No,Neutral,Disagree,Strongly Disagree,Strongly Agree,Agree,Neutral,Strongly Agree,Agree,Disagree,Strongly agree,Agree,Strongly Agree,Agree,Neutral,Strongly Agree,Agree,Neutral,control
Female,31,Undertaking Master Studies,Yes,Agree,Strongly agree,Neutral,Agree,Strongly Agree,Neutral,Agree,Strongly Agree,Agree,Strongly agree,Strongly Agree,Neutral,Agree,Strongly Agree,Agree,Neutral,Agree,control
Male,25,Undertaking Doctoral Studies,Yes,Neutral,Strongly agree,Strongly Agree,Strongly Agree,Agree,Neutral,Strongly Agree,Agree,Strongly Agree,Agree,Neutral,Strongly Agree,Strongly Agree,Strongly Agree,Agree,Neutral,Agree,control
Male,28,Undertaking Undergraduate Studies,Yes,Neutral,Agree,Strongly Agree,Agree,Neutral,Strongly Agree,Strongly Agree,Agree,Neutral,Strongly agree,Strongly Agree,Agree,Neutral,Strongly Agree,Strongly Agree,Agree,Neutral,control
Male,27,"Completed University level studies include (Undergraduate, Master and Doctoral)",Yes,Strongly agree,Agree,Strongly Agree,Strongly Agree,Neutral,Agree,Neutral,Strongly Agree,Neutral,Agree,Strongly Agree,Neutral,Strongly Agree,Neutral,Strongly Agree,Strongly Agree,Strongly Agree,control
