Date,Close
2026-01-02 00:00:00-05:00,270.27435302734375
2026-01-05 00:00:00-05:00,266.5345458984375
2026-01-06 00:00:00-05:00,261.6477966308594
2026-01-07 00:00:00-05:00,259.6233215332031
2026-01-08 00:00:00-05:00,258.3368225097656
2026-01-09 00:00:00-05:00,258.6659240722656
2026-01-12 00:00:00-05:00,259.54351806640625
2026-01-13 00:00:00-05:00,260.34136962890625
2026-01-14 00:00:00-05:00,259.2543029785156
2026-01-15 00:00:00-05:00,257.5090637207031
2026-01-16 00:00:00-05:00,254.8363494873047
2026-01-20 00:00:00-05:00,246.0303192138672
2026-01-21 00:00:00-05:00,246.9777374267578
2026-01-22 00:00:00-05:00,247.67584228515625
2026-01-23 00:00:00-05:00,247.36666870117188
2026-01-26 00:00:00-05:00,254.71669006347656
2026-01-27 00:00:00-05:00,257.56890869140625
2026-01-28 00:00:00-05:00,255.74386596679688
2026-01-29 00:00:00-05:00,257.5788879394531
2026-01-30 00:00:00-05:00,258.7756652832031
2026-02-02 00:00:00-05:00,269.2770690917969
2026-02-03 00:00:00-05:00,268.7485046386719
2026-02-04 00:00:00-05:00,275.7394104003906
2026-02-05 00:00:00-05:00,275.1610107421875
2026-02-06 00:00:00-05:00,277.3650207519531
2026-02-09 00:00:00-05:00,274.13079833984375
2026-02-10 00:00:00-05:00,273.19244384765625
2026-02-11 00:00:00-05:00,275.00921630859375
2026-02-12 00:00:00-05:00,261.2637939453125
2026-02-13 00:00:00-05:00,255.32435607910156
2026-02-17 00:00:00-05:00,263.4099426269531
2026-02-18 00:00:00-05:00,263.8791198730469
2026-02-19 00:00:00-05:00,260.11578369140625
2026-02-20 00:00:00-05:00,264.1086730957031
2026-02-23 00:00:00-05:00,265.705810546875
2026-02-24 00:00:00-05:00,271.6552429199219
2026-02-25 00:00:00-05:00,273.74151611328125
2026-02-26 00:00:00-05:00,272.4637756347656
2026-02-27 00:00:00-05:00,263.7093811035156
2026-03-02 00:00:00-05:00,264.2484130859375
2026-03-03 00:00:00-05:00,263.2801818847656
2026-03-04 00:00:00-05:00,262.0523376464844
2026-03-05 00:00:00-05:00,259.8263244628906
2026-03-06 00:00:00-05:00,257.0013427734375
2026-03-09 00:00:00-04:00,259.41705322265625
2026-03-10 00:00:00-04:00,260.3653564453125
2026-03-11 00:00:00-04:00,260.3453674316406
2026-03-12 00:00:00-04:00,255.30438232421875
2026-03-13 00:00:00-04:00,249.6744384765625
2026-03-16 00:00:00-04:00,252.36964416503906
2026-03-17 00:00:00-04:00,253.77711486816406
2026-03-18 00:00:00-04:00,249.49476623535156
2026-03-19 00:00:00-04:00,248.5165252685547
2026-03-20 00:00:00-04:00,247.54823303222656
2026-03-23 00:00:00-04:00,251.04200744628906
2026-03-24 00:00:00-04:00,251.1917266845703
2026-03-25 00:00:00-04:00,252.16998291015625
2026-03-26 00:00:00-04:00,252.43951416015625
2026-03-27 00:00:00-04:00,248.35679626464844
2026-03-30 00:00:00-04:00,246.19065856933594
2026-03-31 00:00:00-04:00,253.337890625
2026-04-01 00:00:00-04:00,255.17462158203125
2026-04-02 00:00:00-04:00,255.464111328125
2026-04-06 00:00:00-04:00,258.3988342285156
2026-04-07 00:00:00-04:00,253.0484161376953
2026-04-08 00:00:00-04:00,258.43878173828125
2026-04-09 00:00:00-04:00,260.02593994140625
2026-04-10 00:00:00-04:00,260.0159912109375
2026-04-13 00:00:00-04:00,258.73828125
2026-04-14 00:00:00-04:00,258.368896484375
2026-04-15 00:00:00-04:00,265.95538330078125
2026-04-16 00:00:00-04:00,262.9307556152344
2026-04-17 00:00:00-04:00,269.7486267089844
2026-04-20 00:00:00-04:00,272.5635681152344
2026-04-21 00:00:00-04:00,265.69586181640625
2026-04-22 00:00:00-04:00,272.68341064453125
2026-04-23 00:00:00-04:00,272.9429016113281
2026-04-24 00:00:00-04:00,270.5771179199219
2026-04-27 00:00:00-04:00,267.1332702636719
2026-04-28 00:00:00-04:00,270.2277526855469
2026-04-29 00:00:00-04:00,269.688720703125
2026-04-30 00:00:00-04:00,270.86663818359375
2026-05-01 00:00:00-04:00,279.6409606933594
2026-05-04 00:00:00-04:00,276.33685302734375
2026-05-05 00:00:00-04:00,283.67376708984375
2026-05-06 00:00:00-04:00,286.9978332519531
2026-05-07 00:00:00-04:00,286.9279479980469
2026-05-08 00:00:00-04:00,292.7974853515625
2026-05-11 00:00:00-04:00,292.42779541015625
2026-05-12 00:00:00-04:00,294.54595947265625
2026-05-13 00:00:00-04:00,298.6124572753906
2026-05-14 00:00:00-04:00,297.9530334472656
2026-05-15 00:00:00-04:00,299.9713134765625
2026-05-18 00:00:00-04:00,297.5833435058594
2026-05-19 00:00:00-04:00,298.7123718261719
2026-05-20 00:00:00-04:00,301.98956298828125
2026-05-21 00:00:00-04:00,304.7271728515625
2026-05-22 00:00:00-04:00,308.55389404296875
2026-05-26 00:00:00-04:00,308.0643005371094
2026-05-27 00:00:00-04:00,310.5821533203125
2026-05-28 00:00:00-04:00,312.24072265625
2026-05-29 00:00:00-04:00,311.7911071777344
2026-06-01 00:00:00-04:00,306.0460510253906
2026-06-02 00:00:00-04:00,314.92840576171875
2026-06-03 00:00:00-04:00,309.9926452636719
2026-06-04 00:00:00-04:00,310.9618225097656
2026-06-05 00:00:00-04:00,307.0751647949219
2026-06-08 00:00:00-04:00,301.2801818847656
2026-06-09 00:00:00-04:00,290.29962158203125
2026-06-10 00:00:00-04:00,291.3287353515625
2026-06-11 00:00:00-04:00,295.375244140625
2026-06-12 00:00:00-04:00,290.879150390625
2026-06-15 00:00:00-04:00,296.1645812988281
2026-06-16 00:00:00-04:00,298.9821472167969
2026-06-17 00:00:00-04:00,295.6949768066406
2026-06-18 00:00:00-04:00,297.7532043457031
2026-06-22 00:00:00-04:00,296.75408935546875
2026-06-23 00:00:00-04:00,294.04638671875
2026-06-24 00:00:00-04:00,292.8274230957031
2026-06-25 00:00:00-04:00,274.91290283203125
2026-06-26 00:00:00-04:00,283.53546142578125
2026-06-29 00:00:00-04:00,281.4972229003906
2026-06-30 00:00:00-04:00,289.11065673828125
2026-07-01 00:00:00-04:00,294.1263427734375
2026-07-02 00:00:00-04:00,308.3640441894531
2026-07-06 00:00:00-04:00,312.3905944824219
2026-07-07 00:00:00-04:00,310.3923034667969
2026-07-08 00:00:00-04:00,313.1199645996094
2026-07-09 00:00:00-04:00,315.947509765625
2026-07-10 00:00:00-04:00,315.0483093261719
2026-07-13 00:00:00-04:00,317.03656005859375
2026-07-14 00:00:00-04:00,314.58868408203125
2026-07-15 00:00:00-04:00,327.2178039550781
2026-07-16 00:00:00-04:00,332.97283935546875
2026-07-17 00:00:00-04:00,333.452392578125
2026-07-20 00:00:00-04:00,326.3085632324219
2026-07-21 00:00:00-04:00,327.45758056640625
2026-07-22 00:00:00-04:00,325.60919189453125
2026-07-23 00:00:00-04:00,321.3828430175781
2026-07-24 00:00:00-04:00,332.7330322265625
2026-07-27 00:00:00-04:00,336.61968994140625
2026-07-28 00:00:00-04:00,339.78692626953125
2026-07-29 00:00:00-04:00,337.8985900878906
2026-07-30 00:00:00-04:00,333.1426696777344
2026-07-31 00:00:00-04:00,308.6438293457031
2026-08-03 00:00:00-04:00,303.1585693359375
2026-08-04 00:00:00-04:00,309.1134033203125
2026-08-05 00:00:00-04:00,310.7320251464844
2026-08-06 00:00:00-04:00,312.14080810546875
2026-08-07 00:00:00-04:00,313.05999755859375
2026-08-10 00:00:00-04:00,308.260009765625
2026-08-11 00:00:00-04:00,304.9100036621094
2026-08-12 00:00:00-04:00,302.25
2026-08-13 00:00:00-04:00,305.260009765625
2026-08-14 00:00:00-04:00,305.92999267578125
2026-08-17 00:00:00-04:00,305.5899963378906
2026-08-18 00:00:00-04:00,310.0299987792969
2026-08-19 00:00:00-04:00,316.8299865722656
2026-08-20 00:00:00-04:00,311.29998779296875
2026-08-21 00:00:00-04:00,309.3500061035156
2026-08-24 00:00:00-04:00,310.3399963378906
2026-08-25 00:00:00-04:00,309.8999938964844
2026-08-26 00:00:00-04:00,313.45001220703125
2026-08-27 00:00:00-04:00,314.5799865722656
2026-08-28 00:00:00-04:00,319.70001220703125
2026-08-31 00:00:00-04:00,316.8500061035156
2026-09-01 00:00:00-04:00,325.1300048828125
2026-09-02 00:00:00-04:00,324.9599914550781
2026-09-03 00:00:00-04:00,328.2099914550781
2026-09-04 00:00:00-04:00,319.9700012207031
2026-09-08 00:00:00-04:00,316.2200012207031
2026-09-09 00:00:00-04:00,315.3399963378906
2026-09-10 00:00:00-04:00,326.57000732421875
2026-09-11 00:00:00-04:00,332.2699890136719
2026-09-14 00:00:00-04:00,333.0799865722656
2026-09-15 00:00:00-04:00,331.3399963378906
2026-09-16 00:00:00-04:00,332.4100036621094
2026-09-17 00:00:00-04:00,337.0
2026-09-18 00:00:00-04:00,336.1300048828125
2026-09-21 00:00:00-04:00,338.9800109863281
2026-09-22 00:00:00-04:00,339.75
2026-09-23 00:00:00-04:00,337.0199890136719
2026-09-24 00:00:00-04:00,335.9200134277344
2026-09-25 00:00:00-04:00,341.07000732421875
