date,btc_pln
2025-10-24,400749.27263858565
2025-10-25,405225.2343085124
2025-10-26,407497.8444439741
2025-10-27,417475.81508128636
2025-10-28,414953.2917901625
2025-10-29,410206.7509443341
2025-10-30,402381.68446314713
2025-10-31,396898.861766794
2025-11-01,404060.4607470627
2025-11-02,405641.04026965203
2025-11-03,408516.1466619343
2025-11-04,393503.1682367467
2025-11-05,377017.9800574991
2025-11-06,384510.9158692485
2025-11-07,372884.03451972397
2025-11-08,379010.2372431579
2025-11-09,374956.2610764573
2025-11-10,384552.47259036504
2025-11-11,388090.13472384907
2025-11-12,376059.08500460087
2025-11-13,370833.42106869107
2025-11-14,362830.75872495404
2025-11-15,343636.13847214886
2025-11-16,347331.3468762126
2025-11-17,343561.22295538714
2025-11-18,336268.6015888793
2025-11-19,339749.278491808
2025-11-20,334831.6144370133
2025-11-21,318139.7068230967
2025-11-22,313066.24215247604
2025-11-22,310910.18100652745
