Date,Region,Brand,Product,Product Type,Sales,Profit,Units Sold,Discount (%),Customer Rating
4/11/2023,South,Brand C,Product 2,Home Appliances,4574.16,1642.07,152,19.76,3.4
4/27/2023,West,Brand A,Product 3,Consumer Goods,12631.78,4172.09,398,17.93,4.48
4/8/2023,East,Brand A,Product 5,Electronics,9884.4,3448.69,320,11.71,4.65
2/5/2023,West,Brand B,Product 1,Electronics,5344.99,1926.96,156,21.74,3.01
8/9/2023,West,Brand A,Product 2,Electronics,4890.45,1682.51,121,14.4,3.57
3/14/2023,East,Brand D,Product 4,Home Appliances,7693.48,2522.31,238,13.96,3.54
5/19/2023,East,Brand D,Product 4,Home Appliances,2558.93,979.36,70,1.82,2.57
3/4/2023,South,Brand A,Product 1,Apparel,4753.94,1858.03,152,24.68,3.3
6/15/2023,North,Brand A,Product 5,Home Appliances,6003.67,2013.42,171,3.95,3.49
10/10/2023,North,Brand A,Product 2,Consumer Goods,8909.02,2944.4,264,6.55,4.58
5/7/2023,West,Brand A,Product 1,Apparel,12573,4187.87,380,2.24,4.53
3/2/2023,East,Brand B,Product 5,Apparel,4328.69,1525.1,137,16.36,3.26
4/1/2023,South,Brand B,Product 2,Consumer Goods,5252.83,1604.73,149,6.39,3.88
12/23/2023,South,Brand A,Product 4,Consumer Goods,6536.54,2259.31,201,5.32,3.75
4/5/2023,South,Brand D,Product 2,Consumer Goods,5664.26,1731.17,180,3.13,3.14
6/4/2023,South,Brand B,Product 3,Apparel,6712.98,2334.29,199,3.48,4.04
8/11/2023,South,Brand D,Product 2,Apparel,11036.6,3555.29,358,15.03,3.99
11/22/2023,North,Brand C,Product 3,Apparel,10054.42,3321.9,307,17.52,3.78
1/17/2023,North,Brand D,Product 2,Consumer Goods,12198.49,4100.49,393,10.54,4.13
12/18/2023,North,Brand A,Product 3,Consumer Goods,10979.4,3990.96,343,12.52,3.84
5/19/2023,East,Brand C,Product 4,Electronics,7554.68,2674,241,17.46,3.84
12/24/2023,West,Brand B,Product 5,Home Appliances,10647.23,3719.87,326,1.42,4.03
3/30/2023,South,Brand B,Product 3,Electronics,6443.22,2419.5,210,8.76,2.16
4/16/2023,East,Brand C,Product 3,Consumer Goods,10989.06,3757.04,363,24.35,4.21
9/23/2023,South,Brand D,Product 4,Apparel,2580.86,962.46,71,14.92,2.65
11/17/2023,North,Brand B,Product 3,Consumer Goods,9756.28,3101.42,302,7.1,4.37
1/13/2023,East,Brand A,Product 1,Home Appliances,9172.91,3030.72,285,13.52,3.7
7/16/2023,North,Brand C,Product 4,Electronics,12552.99,4067.78,394,9.22,5
6/3/2023,South,Brand A,Product 1,Electronics,3044.75,1074.47,98,13.77,3.55
5/19/2023,South,Brand C,Product 4,Apparel,4081.49,1661.17,108,4.02,2.88
1/11/2023,West,Brand B,Product 3,Electronics,7539.22,2542.74,219,4.19,4.05
3/23/2023,South,Brand D,Product 1,Electronics,7652.25,2450.43,237,4.45,3.9
8/8/2023,North,Brand C,Product 3,Consumer Goods,10106.28,3582.42,320,23.56,4.19
3/6/2023,South,Brand C,Product 4,Electronics,8006.97,2823.84,239,18.59,4.02
10/9/2023,West,Brand A,Product 3,Electronics,7237.76,2590.67,224,4.9,3.64
3/4/2023,West,Brand B,Product 1,Electronics,3445.86,915.35,100,5.52,3.1
4/20/2023,North,Brand A,Product 1,Apparel,3584.86,1563.98,104,18.54,3.35
12/2/2023,East,Brand B,Product 3,Apparel,9538.25,3126.08,293,4.75,4.79
1/26/2023,South,Brand A,Product 2,Consumer Goods,12116.78,4106.16,369,6.63,4.45
2/5/2023,West,Brand C,Product 4,Electronics,5631.22,2307.3,180,24.12,3.22
6/23/2023,South,Brand A,Product 4,Apparel,11031.54,3966.6,356,7.13,3.47
1/5/2023,South,Brand D,Product 3,Apparel,6290.31,2004.17,184,16.88,4.2
7/23/2023,East,Brand B,Product 2,Consumer Goods,1938.99,545.31,70,24.49,2.74
7/25/2023,West,Brand B,Product 1,Home Appliances,12715.5,4379.62,378,9.98,4.6
4/26/2023,South,Brand C,Product 5,Electronics,7801.92,2620.91,216,1.42,4.34
2/4/2023,West,Brand B,Product 5,Apparel,10582.36,3426.76,323,6.86,4.21
4/5/2023,North,Brand D,Product 3,Consumer Goods,4577.11,1669.07,138,20.94,3.11
8/18/2023,North,Brand A,Product 2,Consumer Goods,11717.05,3879.47,365,21.75,4.89
11/11/2023,South,Brand C,Product 2,Consumer Goods,2051.46,894.03,63,19.44,3
12/2/2023,West,Brand D,Product 4,Apparel,9601.36,3201.86,291,3.71,4.19
11/1/2023,South,Brand B,Product 1,Electronics,9533.82,3292.85,314,20.09,3.46
10/18/2023,West,Brand B,Product 2,Home Appliances,12646.89,4065.41,395,23.05,4.96
12/8/2023,West,Brand D,Product 5,Electronics,3721.18,1505.98,102,15.41,3.16
12/13/2023,East,Brand A,Product 1,Consumer Goods,11982.13,4072.99,389,23.58,3.9
3/17/2023,East,Brand A,Product 1,Consumer Goods,4418.61,1653.55,141,20.84,3.4
1/26/2023,East,Brand C,Product 3,Home Appliances,9419.15,2975.14,313,17.01,3.24
1/25/2023,South,Brand B,Product 2,Electronics,3505.96,1492.27,84,14.85,3.86
6/30/2023,East,Brand D,Product 3,Consumer Goods,8021.67,2680.07,255,9.37,3.33
6/25/2023,East,Brand A,Product 2,Consumer Goods,4526.98,1690.69,130,4.82,3.79
5/14/2023,North,Brand C,Product 4,Electronics,3361.23,1123.37,99,15.52,2.67
3/10/2023,West,Brand B,Product 3,Consumer Goods,2080.96,810.33,51,8.63,2.98
2/4/2023,West,Brand B,Product 3,Electronics,3517.08,1262.35,103,21.79,2.65
5/2/2023,East,Brand C,Product 5,Consumer Goods,4898.37,1295.29,155,24.84,3.67
5/1/2023,West,Brand C,Product 3,Electronics,9432.7,3261.09,309,19.06,3.95
9/4/2023,North,Brand A,Product 2,Home Appliances,11224.75,4043.09,359,3.17,4.48
10/31/2023,North,Brand D,Product 5,Consumer Goods,7648.5,2658.39,240,7.93,3.71
5/27/2023,East,Brand B,Product 3,Home Appliances,8327.91,2636.76,267,3.62,3.29
9/7/2023,North,Brand D,Product 3,Consumer Goods,3083.06,1212.59,93,16.61,3.17
2/18/2023,West,Brand B,Product 4,Consumer Goods,7102.55,2524.24,211,19.36,3.35
4/11/2023,South,Brand B,Product 3,Apparel,7903.2,2763.33,251,23.22,4.17
9/5/2023,West,Brand D,Product 1,Electronics,10084.09,3347.94,319,11.52,4
5/12/2023,South,Brand C,Product 5,Home Appliances,11092.44,3654.5,353,22.63,4.23
1/9/2023,East,Brand A,Product 1,Home Appliances,10101.91,3367.19,320,22.07,4.77
10/24/2023,South,Brand B,Product 5,Home Appliances,8725.12,3052.58,264,8.61,4.77
5/1/2023,North,Brand C,Product 4,Electronics,9728.34,3038.99,301,21.85,4.32
5/3/2023,West,Brand B,Product 3,Apparel,8001.21,2601.53,239,10.02,3.58
10/3/2023,South,Brand A,Product 3,Home Appliances,11344.12,3969.13,345,8.12,4.08
2/23/2023,West,Brand B,Product 3,Electronics,8924.89,3174.48,262,16.58,3.48
1/6/2023,East,Brand A,Product 5,Consumer Goods,8454.57,2582.67,257,8.88,3.53
7/27/2023,East,Brand A,Product 3,Home Appliances,9772.58,3036.46,286,16.13,3.82
7/15/2023,North,Brand B,Product 1,Home Appliances,12142.52,4019.04,387,15.64,5
11/14/2023,East,Brand B,Product 3,Apparel,4055.77,1498.39,102,14.52,2.93
2/25/2023,South,Brand A,Product 4,Home Appliances,10334.85,3150.32,329,10.13,3.65
4/27/2023,East,Brand C,Product 1,Home Appliances,8452.27,2829.18,266,14.16,3.85
2/15/2023,North,Brand D,Product 3,Consumer Goods,9579.55,3129.57,301,15.32,4.08
9/28/2023,West,Brand A,Product 3,Electronics,7572.82,2751.06,237,14.1,3.7
11/6/2023,West,Brand B,Product 2,Electronics,3204.74,893.14,90,11.67,3.27
7/16/2023,East,Brand B,Product 5,Apparel,6697.23,2278.07,206,1.35,3.56
11/8/2023,South,Brand C,Product 1,Consumer Goods,2568.14,867.37,64,15.09,3.13
2/8/2023,North,Brand D,Product 2,Electronics,11046.08,3878.88,350,5.04,3.94
9/1/2023,South,Brand A,Product 4,Consumer Goods,4126.81,1538.47,114,16.42,3.78
3/15/2023,North,Brand A,Product 5,Electronics,12904.15,4154.72,394,19.22,4.57
6/21/2023,East,Brand D,Product 1,Consumer Goods,11885.73,4078.44,376,13.01,4.54
5/23/2023,North,Brand A,Product 3,Apparel,2263.3,747.31,58,14.02,2.48
8/31/2023,North,Brand D,Product 1,Home Appliances,12530.96,4301.33,393,23.84,4.65
10/14/2023,East,Brand B,Product 3,Apparel,6425.97,2109.45,178,21.33,3.65
11/1/2023,South,Brand D,Product 5,Electronics,5645.84,2087.52,185,22.94,2.96
12/29/2023,East,Brand A,Product 3,Apparel,3769.84,1351.69,112,20.53,2.4
4/8/2023,North,Brand D,Product 4,Home Appliances,5809.48,2495.32,188,3.61,3.56
12/20/2023,East,Brand C,Product 3,Apparel,4273.5,1468.17,130,4.58,2.95
1/25/2023,North,Brand B,Product 4,Electronics,6994.23,2413.18,212,13.64,3.66
3/19/2023,East,Brand B,Product 5,Electronics,11189.08,3585.04,338,6.91,3.67
10/10/2023,West,Brand D,Product 5,Apparel,9430.77,3149.38,310,12.44,3.43
12/14/2023,West,Brand A,Product 1,Home Appliances,9275.39,2672.71,280,10.46,3.98
6/26/2023,East,Brand C,Product 4,Apparel,3030.26,1147.91,90,14.19,2.81
6/11/2023,South,Brand B,Product 4,Home Appliances,1977.81,951.92,77,18.93,2.04
11/20/2023,North,Brand B,Product 2,Consumer Goods,6093.35,2148.69,184,18.17,3.96
8/2/2023,West,Brand A,Product 2,Home Appliances,8455.49,2578.14,250,13.51,3.23
6/28/2023,South,Brand A,Product 2,Consumer Goods,11662.81,3799.43,377,20.74,5
8/28/2023,North,Brand C,Product 3,Apparel,10073.99,2979.74,317,11.34,3.84
12/3/2023,West,Brand D,Product 2,Home Appliances,2440.32,1074.45,82,22.52,3.07
11/20/2023,West,Brand A,Product 4,Consumer Goods,3457.52,1089.59,97,2.71,3.64
6/12/2023,East,Brand D,Product 3,Consumer Goods,4130.33,1432.61,111,23.91,3.65
12/9/2023,North,Brand C,Product 5,Consumer Goods,8541.74,2873.35,265,16.71,4.62
9/1/2023,South,Brand D,Product 1,Electronics,11248.8,3899.4,342,10.12,3.6
12/26/2023,South,Brand B,Product 2,Apparel,5243.87,1759.04,148,5.73,2.79
2/26/2023,South,Brand D,Product 5,Consumer Goods,7072.75,2516.29,221,12.5,3.7
6/10/2023,North,Brand C,Product 4,Home Appliances,8484.36,2936.6,263,5.67,4.15
11/10/2023,South,Brand C,Product 1,Consumer Goods,2759.42,1207.54,84,4.99,2.92
5/4/2023,South,Brand C,Product 5,Electronics,8408.45,2779.48,276,15.82,3.22
2/14/2023,South,Brand D,Product 1,Apparel,5092.38,2025.97,150,13.55,3.45
4/14/2023,East,Brand B,Product 2,Electronics,5802.29,1678.84,180,17.08,3.32
4/2/2023,East,Brand A,Product 4,Electronics,9432.76,3296.19,306,23.31,3.95
3/1/2023,North,Brand B,Product 1,Electronics,1320.52,401.08,54,13.77,1.86
3/2/2023,North,Brand D,Product 5,Home Appliances,8648.52,2829.92,267,14.94,4.15
8/1/2023,South,Brand D,Product 2,Apparel,9747.49,3334.19,304,3.15,4.08
4/5/2023,East,Brand A,Product 2,Apparel,10603.67,3643.03,332,18.22,4.88
11/12/2023,West,Brand D,Product 5,Home Appliances,8362.47,2881.09,256,10.6,3.75
8/3/2023,West,Brand C,Product 5,Apparel,1412.15,425.44,64,24.44,3.05
1/5/2023,South,Brand C,Product 1,Electronics,12040.22,4257.8,395,20.76,4.81
7/10/2023,South,Brand C,Product 3,Apparel,3667.15,1076.52,91,13.54,2.26
10/28/2023,East,Brand C,Product 2,Home Appliances,7565.99,2466.74,228,3.96,4.69
12/18/2023,East,Brand C,Product 1,Electronics,2857.92,1178.55,112,21.63,2.89
3/13/2023,East,Brand D,Product 5,Home Appliances,8481.66,2842.3,280,20.19,4.1
4/24/2023,North,Brand A,Product 1,Consumer Goods,10205.14,3387.83,290,5.43,4.21
9/13/2023,North,Brand A,Product 5,Electronics,3233.62,820.87,101,8.09,2.68
4/21/2023,South,Brand C,Product 4,Electronics,5189.84,1828.3,145,20.04,3.96
3/4/2023,North,Brand D,Product 5,Apparel,8876.93,2991.98,271,5.45,3.96
10/4/2023,East,Brand B,Product 5,Electronics,8672.04,2842.26,280,23.03,3.81
11/11/2023,East,Brand B,Product 5,Home Appliances,9441.88,2820.63,286,11.19,3.99
2/9/2023,North,Brand D,Product 3,Apparel,5751.5,1978.24,192,3.09,3.77
6/6/2023,West,Brand C,Product 5,Consumer Goods,6579.85,2259.57,220,20.58,3.6
12/23/2023,South,Brand A,Product 2,Home Appliances,2691.39,935.9,78,9.96,3.24
4/28/2023,West,Brand D,Product 2,Consumer Goods,2392.8,605.33,85,13.64,2.25
8/4/2023,South,Brand B,Product 1,Consumer Goods,2132.5,1021.88,62,3.7,2.51
7/2/2023,West,Brand B,Product 3,Consumer Goods,7048.08,2218.66,209,1.06,2.69
9/4/2023,North,Brand B,Product 1,Electronics,12074.97,3987.41,376,16.31,5
8/30/2023,South,Brand C,Product 2,Home Appliances,8173.44,2377.62,236,13.36,4.47
4/25/2023,South,Brand B,Product 2,Home Appliances,9432.07,3391.78,292,15.24,4.21
8/11/2023,South,Brand D,Product 4,Electronics,4600.98,1488.76,135,20.05,2.77
8/28/2023,East,Brand D,Product 5,Apparel,10723,3611.52,333,16.52,5
7/14/2023,East,Brand B,Product 2,Consumer Goods,3761.65,1480.18,115,5.19,2.83
11/6/2023,West,Brand D,Product 1,Home Appliances,7571.24,2404.85,219,9.66,3.51
4/19/2023,North,Brand B,Product 1,Electronics,2872.84,1202.39,94,22.74,3.03
5/9/2023,East,Brand B,Product 5,Consumer Goods,3788.09,1021.61,111,19.48,3.24
11/20/2023,South,Brand A,Product 5,Apparel,6239.78,2192.22,183,14.36,3.67
5/18/2023,East,Brand C,Product 4,Apparel,11023.13,3879.55,333,7.14,4.44
2/11/2023,North,Brand C,Product 3,Consumer Goods,2402.06,808.81,77,8.25,2.83
1/4/2023,East,Brand A,Product 1,Apparel,5457.53,2023.83,157,18.57,3.55
4/22/2023,South,Brand A,Product 5,Home Appliances,2752.75,1293.74,93,21.43,2.89
8/12/2023,West,Brand C,Product 1,Home Appliances,12591.84,4121.57,389,17.11,4.68
9/21/2023,South,Brand B,Product 5,Home Appliances,10778.9,3532.79,335,20.43,4.37
9/24/2023,North,Brand B,Product 2,Apparel,12295.62,3934.42,380,19.4,4.71
7/1/2023,West,Brand C,Product 1,Home Appliances,5607.64,1861.46,177,4.59,3.64
3/9/2023,East,Brand B,Product 2,Electronics,12780.36,4082.19,397,11.17,4.31
1/29/2023,East,Brand A,Product 1,Home Appliances,9472.3,2997.38,280,4.67,4.08
7/3/2023,East,Brand B,Product 3,Home Appliances,7919.61,2835.54,239,6.65,3.96
1/17/2023,West,Brand B,Product 4,Apparel,8317.19,2676.49,274,21.86,3.35
6/25/2023,South,Brand D,Product 2,Home Appliances,10860.76,3620.49,332,12.35,4.05
11/8/2023,West,Brand D,Product 5,Consumer Goods,5645.1,1936.67,170,13.85,3.59
4/20/2023,West,Brand D,Product 3,Electronics,5170.17,2047.69,165,5.28,4.01
10/3/2023,North,Brand B,Product 1,Apparel,8911.72,2928.45,282,8.49,4.24
4/10/2023,West,Brand C,Product 2,Electronics,9934.01,3394.12,308,6.53,4.75
5/18/2023,East,Brand A,Product 1,Consumer Goods,8487.65,2913.36,247,5.95,3.58
4/13/2023,South,Brand B,Product 1,Apparel,6440.4,2382.07,186,16.31,3.53
8/6/2023,South,Brand C,Product 1,Apparel,12232.07,3947.22,367,7.17,4.66
11/15/2023,South,Brand B,Product 4,Home Appliances,6775.07,2161.06,214,16.17,2.64
11/5/2023,East,Brand A,Product 4,Electronics,9352.9,2950.67,274,2.4,4.47
11/12/2023,East,Brand B,Product 5,Consumer Goods,10978.85,3968.94,356,4.4,3.54
2/27/2023,East,Brand A,Product 2,Consumer Goods,9240.96,3299.6,283,7.59,4.31
6/29/2023,East,Brand B,Product 3,Apparel,7311.5,2457.53,221,15.33,3.88
9/11/2023,East,Brand A,Product 3,Home Appliances,5963.06,2310.94,201,17.22,2.57
2/8/2023,West,Brand B,Product 3,Apparel,11489.47,3755.31,364,11.63,3.4
1/22/2023,East,Brand A,Product 1,Apparel,7424.11,2588.59,209,11.7,4.12
1/9/2023,East,Brand D,Product 4,Apparel,4983.98,1723.07,145,18.39,3.71
9/28/2023,East,Brand B,Product 2,Apparel,9426.1,3158.08,282,1.38,3.56
3/22/2023,East,Brand B,Product 1,Consumer Goods,6654.94,2330.11,229,9.19,3.29
9/30/2023,South,Brand C,Product 4,Consumer Goods,5720.66,1866.17,162,20.65,3.52
8/26/2023,East,Brand C,Product 4,Apparel,11587.98,4011.37,367,15.48,4.33
3/13/2023,West,Brand A,Product 2,Apparel,3348.34,1317.82,101,9.09,3.43
9/21/2023,West,Brand B,Product 2,Home Appliances,9971.99,3494.99,317,22.73,4.28
5/12/2023,West,Brand A,Product 2,Apparel,10551.99,3616.69,344,19.54,4.85
12/5/2023,North,Brand D,Product 1,Consumer Goods,5803.63,1823.82,162,7.36,3.7
10/9/2023,South,Brand C,Product 5,Electronics,4859.74,1948.26,150,16.49,3.54
2/12/2023,East,Brand A,Product 2,Consumer Goods,5042.77,1703.77,162,15.3,3.17
7/23/2023,North,Brand A,Product 5,Home Appliances,4286.13,1535.14,130,10.63,2.98
2/26/2023,East,Brand C,Product 1,Consumer Goods,8000.16,2750.31,236,9.81,3.66
12/14/2023,North,Brand B,Product 5,Electronics,5570.03,1972.44,162,9.25,4.05
4/7/2023,North,Brand A,Product 3,Apparel,1388.41,716.04,51,15.81,2.59
5/30/2023,West,Brand C,Product 5,Electronics,6035.07,2202.73,179,11.62,3.5
5/6/2023,West,Brand B,Product 2,Apparel,8066.25,2668.19,269,20.96,2.95
1/4/2023,North,Brand D,Product 1,Apparel,2844.18,1325.13,103,17.07,3.29
7/16/2023,West,Brand C,Product 2,Consumer Goods,13168.63,4286.12,392,2.68,5
12/1/2023,North,Brand A,Product 3,Consumer Goods,8780.02,2966.09,273,16.36,3.49
8/18/2023,South,Brand D,Product 2,Consumer Goods,9083.91,3010.82,274,7.51,5
5/12/2023,West,Brand B,Product 2,Home Appliances,5607.48,1823.24,175,15.23,3.45
12/5/2023,West,Brand B,Product 2,Consumer Goods,6002.44,2133.53,179,17.32,2.37
5/28/2023,West,Brand C,Product 4,Home Appliances,4459.2,1929.88,102,6.54,2.86
9/15/2023,South,Brand C,Product 3,Consumer Goods,7412.6,2447.74,221,11.96,4.14
3/29/2023,North,Brand C,Product 2,Apparel,8544.54,3084.17,267,5.57,4.63
12/14/2023,East,Brand B,Product 2,Home Appliances,6956.27,2299.79,209,2.26,3.83
3/30/2023,West,Brand D,Product 2,Electronics,8260.33,2775.61,247,10.08,4.36
1/19/2023,North,Brand B,Product 1,Home Appliances,8731.26,3213.9,296,9.71,3.51
1/19/2023,South,Brand A,Product 4,Home Appliances,11735.56,3723.5,373,24.89,4.09
6/15/2023,East,Brand B,Product 1,Electronics,8132.88,2490.91,252,11.71,3.09
7/14/2023,West,Brand A,Product 4,Home Appliances,7937.41,2608.42,233,9.01,3.42
10/8/2023,South,Brand D,Product 2,Apparel,6035.62,2135.69,172,14.93,3.66
12/15/2023,South,Brand C,Product 3,Consumer Goods,9927.41,3364.66,304,3.13,4.11
1/7/2023,East,Brand C,Product 5,Electronics,11295.62,3792.11,343,24.08,4.56
2/13/2023,North,Brand B,Product 5,Consumer Goods,10991.2,3599.44,329,16.24,3.77
5/1/2023,West,Brand C,Product 2,Apparel,11745.6,4003.37,374,19.12,4.02
5/1/2023,West,Brand D,Product 1,Electronics,5122.45,1303.4,147,5.09,3.32
1/15/2023,North,Brand C,Product 3,Consumer Goods,7416.19,2410.12,247,10.83,3.49
9/14/2023,North,Brand B,Product 4,Consumer Goods,8960.69,3027.42,289,11.14,4.47
1/20/2023,North,Brand D,Product 2,Apparel,5870.5,2120.01,193,20.72,3.21
2/27/2023,East,Brand A,Product 3,Consumer Goods,4837.84,1876.52,146,1.03,3.03
12/7/2023,East,Brand B,Product 3,Apparel,7831.36,2520.95,250,8.22,3.92
9/11/2023,West,Brand A,Product 4,Home Appliances,5452.81,2088.23,173,24.55,3.21
5/16/2023,East,Brand D,Product 3,Apparel,7407.13,2415.2,236,12.4,3.19
12/18/2023,South,Brand B,Product 1,Home Appliances,12205.61,3978.68,375,10.18,3.94
10/1/2023,West,Brand B,Product 1,Electronics,12680.45,4288.58,398,3.88,4.71
9/14/2023,East,Brand D,Product 1,Consumer Goods,8887.59,2982.24,308,24.38,3.5
8/14/2023,North,Brand C,Product 3,Apparel,6734.29,2446.28,197,1.48,4.04
6/22/2023,South,Brand B,Product 1,Apparel,9491.12,3100.53,301,18.69,3.73
5/18/2023,North,Brand B,Product 4,Consumer Goods,12243.99,4028.64,395,19.45,4.72
9/5/2023,West,Brand A,Product 3,Consumer Goods,6451.35,2324.03,196,6.85,3.23
9/28/2023,North,Brand C,Product 5,Electronics,5954.44,1924.09,197,17.12,3.12
3/9/2023,East,Brand A,Product 3,Electronics,8258.19,2789.81,248,3.23,3.84
9/11/2023,East,Brand A,Product 4,Apparel,12333.48,3783.58,357,7.17,4.71
11/22/2023,West,Brand C,Product 5,Electronics,5126.88,2072.97,177,19.91,3.29
8/31/2023,North,Brand C,Product 3,Home Appliances,2741.6,1188.07,88,21.75,2.91
12/7/2023,West,Brand D,Product 1,Electronics,12124.59,4455.56,387,15.6,4.76
1/21/2023,North,Brand C,Product 2,Electronics,5757.8,2182.52,178,13.16,3.73
10/8/2023,South,Brand B,Product 2,Apparel,10526.55,3297.42,316,4.82,4.06
1/30/2023,East,Brand C,Product 1,Home Appliances,6789.65,2363.84,200,2.51,3.32
4/6/2023,West,Brand D,Product 2,Electronics,11460.89,3634.92,347,3.82,4.27
2/11/2023,South,Brand D,Product 2,Home Appliances,4985.03,1937.14,148,6.46,3.16
8/11/2023,South,Brand D,Product 1,Home Appliances,9662.41,3083.69,312,9.2,4.19
11/21/2023,West,Brand C,Product 1,Home Appliances,9248.93,2918.22,301,10.14,3.53
8/19/2023,West,Brand C,Product 3,Consumer Goods,6589.38,1970.67,193,9.31,3.58
8/1/2023,South,Brand A,Product 3,Consumer Goods,12637.73,4085.56,395,6.74,4.19
2/4/2023,North,Brand A,Product 1,Consumer Goods,5743.03,1837.7,161,13.23,3.67
11/28/2023,South,Brand B,Product 4,Consumer Goods,3601.08,1067.82,109,20.81,2.78
4/9/2023,West,Brand A,Product 2,Apparel,1557.99,914.62,51,7.71,2.49
11/9/2023,South,Brand B,Product 3,Electronics,10967.8,3749.59,353,23.62,4.44
11/11/2023,North,Brand D,Product 2,Consumer Goods,9734.18,3302.41,303,21.96,4.02
12/30/2023,East,Brand A,Product 5,Apparel,6681,2504.41,189,4.88,4.36
8/26/2023,East,Brand C,Product 1,Electronics,2994.13,1072.88,86,19.87,2.28
10/4/2023,South,Brand A,Product 4,Consumer Goods,6451.38,2097.99,209,14.79,3.59
5/12/2023,North,Brand B,Product 5,Electronics,1809.1,475.34,58,14.6,3.24
11/13/2023,East,Brand A,Product 5,Consumer Goods,8983.02,2872.93,282,10.39,3.68
7/31/2023,South,Brand D,Product 5,Apparel,5251.76,1978.54,148,13.03,2.88
2/17/2023,South,Brand C,Product 1,Home Appliances,6140.19,1895.33,196,10.53,3.13
1/20/2023,North,Brand B,Product 3,Home Appliances,11241.23,3750.29,353,13.95,3.62
11/9/2023,West,Brand C,Product 1,Electronics,8470.43,3002.94,257,16.07,4.32
12/28/2023,South,Brand C,Product 3,Apparel,6024.11,2072.24,180,17.18,3.27
7/11/2023,West,Brand B,Product 5,Home Appliances,6987.8,2375.09,201,13.78,3.33
11/16/2023,West,Brand C,Product 5,Consumer Goods,3716.93,1341.84,103,18.31,2.17
4/15/2023,East,Brand C,Product 4,Home Appliances,5380.06,1878.48,169,4.39,2.77
4/23/2023,West,Brand A,Product 3,Electronics,6406.55,2469.81,210,6.09,4.14
9/9/2023,North,Brand C,Product 5,Electronics,5125.95,1627.75,165,20.65,3.45
1/24/2023,East,Brand C,Product 2,Apparel,4328.91,1545.62,124,8.74,3.59
10/6/2023,East,Brand C,Product 4,Electronics,5473.46,1605.93,162,1.55,3.73
11/25/2023,East,Brand C,Product 1,Home Appliances,5682.96,1558.91,153,4.69,2.86
12/24/2023,South,Brand B,Product 4,Home Appliances,12580.13,4160.78,389,6.37,5
2/5/2023,South,Brand D,Product 2,Home Appliances,9885.46,3398.62,303,23.98,4.79
6/1/2023,West,Brand A,Product 3,Home Appliances,8854.77,3193.02,276,14.75,3.65
9/14/2023,East,Brand C,Product 1,Apparel,4750.77,1966.55,161,23.39,1.88
6/17/2023,East,Brand C,Product 1,Consumer Goods,4259.98,1713.84,148,14.8,3.1
3/11/2023,North,Brand B,Product 3,Consumer Goods,6569.91,2335.82,202,12.5,3.61
3/5/2023,West,Brand D,Product 4,Apparel,13641.03,4443.4,398,8.53,4.26
5/12/2023,North,Brand C,Product 5,Electronics,11872.65,3729.8,387,15.55,4.35
3/25/2023,West,Brand B,Product 4,Consumer Goods,7357.13,2472.55,243,4.34,3.38
9/6/2023,West,Brand A,Product 2,Electronics,11945.27,4131.06,359,22.56,4.66
5/1/2023,South,Brand A,Product 5,Consumer Goods,6986.16,2484.55,212,20.9,3.59
2/8/2023,South,Brand C,Product 4,Electronics,8470.04,2646.84,257,8.62,4.17
3/30/2023,North,Brand C,Product 3,Apparel,7406.57,2583.69,218,23.87,4.08
4/12/2023,West,Brand D,Product 2,Home Appliances,6274.53,2201.91,210,20.8,2.68
5/1/2023,East,Brand D,Product 2,Electronics,3778.51,1369.95,117,16.99,2.78
7/10/2023,South,Brand C,Product 2,Home Appliances,11155.79,3657.79,338,3.92,3.94
12/17/2023,East,Brand B,Product 5,Electronics,11225.94,3808.32,326,12.48,5
4/1/2023,North,Brand D,Product 1,Electronics,10907.16,3753.62,353,13.15,4.32
2/20/2023,South,Brand C,Product 5,Electronics,6554.51,2097.66,184,6.58,3.75
1/6/2023,South,Brand D,Product 4,Electronics,7984.31,2700.72,244,2.92,2.97
9/8/2023,West,Brand C,Product 1,Electronics,5752.76,1935.89,177,19.64,3.44
4/10/2023,North,Brand A,Product 4,Home Appliances,3059.01,870.73,82,3.93,3.3
7/29/2023,West,Brand C,Product 1,Electronics,6899.62,2289.15,225,15.26,3.97
1/30/2023,South,Brand A,Product 5,Home Appliances,2687.68,734.58,71,23.47,3.1
7/19/2023,North,Brand D,Product 2,Apparel,8832.96,3126.26,287,22.03,3.94
7/28/2023,South,Brand C,Product 3,Consumer Goods,6483.03,2266.12,207,7.67,3.56
7/26/2023,North,Brand D,Product 2,Electronics,3005.65,984.97,87,21.43,2.26
10/28/2023,South,Brand A,Product 5,Consumer Goods,9298.58,3272.46,279,1.01,3.53
10/31/2023,East,Brand C,Product 1,Home Appliances,3620.81,1270.02,100,1.42,3.09
12/10/2023,East,Brand D,Product 2,Apparel,10237.67,3159.66,313,15.46,3.78
9/13/2023,West,Brand A,Product 5,Apparel,11128.56,3602,332,9.76,4.44
6/12/2023,East,Brand D,Product 4,Apparel,3131.68,1333.18,76,10.28,3.07
7/12/2023,South,Brand B,Product 3,Consumer Goods,8757.71,2860.1,275,14.55,4.42
5/25/2023,South,Brand A,Product 2,Home Appliances,10902.85,3644.66,326,5.6,4.51
4/29/2023,East,Brand A,Product 1,Electronics,10875.44,3713.74,335,6.08,4.27
9/24/2023,West,Brand A,Product 4,Electronics,5414.15,1910.49,146,12.63,3.53
5/20/2023,East,Brand C,Product 5,Home Appliances,10579.76,3906.71,333,19.1,4.57
6/18/2023,North,Brand C,Product 3,Consumer Goods,11460.44,3627.02,366,15.87,4.13
1/24/2023,North,Brand C,Product 1,Electronics,11110.47,3528.81,353,8.14,4.13
2/5/2023,North,Brand B,Product 5,Home Appliances,6455.12,2003.88,196,11.33,3.44
8/23/2023,East,Brand B,Product 5,Electronics,2168.54,732.49,53,5.1,2.57
4/23/2023,East,Brand A,Product 2,Apparel,3289.18,1321.51,84,2.79,3.33
4/6/2023,East,Brand B,Product 2,Electronics,7728.8,2432.14,241,19.78,3.45
10/29/2023,North,Brand D,Product 1,Consumer Goods,3728.9,1469.76,98,7.37,3.49
12/9/2023,West,Brand A,Product 5,Home Appliances,2370.88,864.15,66,5.27,2.68
10/15/2023,South,Brand A,Product 2,Consumer Goods,6863.05,2181.11,221,17.6,3.79
9/10/2023,East,Brand D,Product 3,Home Appliances,8326.87,2552.59,269,15.83,3.91
10/19/2023,West,Brand A,Product 3,Apparel,6888.49,2064.22,207,16.2,3.14
12/19/2023,South,Brand B,Product 5,Home Appliances,3487.1,1110.25,95,6.49,2.97
9/27/2023,South,Brand C,Product 2,Electronics,1576.19,624.1,55,6.58,2.91
12/30/2023,South,Brand D,Product 1,Electronics,5317.39,1987.97,148,6.3,3.21
8/16/2023,West,Brand B,Product 1,Apparel,9621.16,3257.8,282,5.17,3.37
5/21/2023,West,Brand D,Product 1,Home Appliances,2836.28,935.76,86,16.74,3.61
8/1/2023,North,Brand D,Product 3,Apparel,10486.58,3549.95,329,21.35,4.18
1/16/2023,West,Brand A,Product 2,Electronics,12356.66,4341.51,398,18.38,4.17
8/24/2023,West,Brand A,Product 2,Consumer Goods,11399,4078,351,20.01,4.9
2/22/2023,West,Brand B,Product 3,Apparel,7168.86,2399.9,230,10.72,3.9
6/12/2023,South,Brand D,Product 1,Consumer Goods,4596.09,1717.76,144,16.7,2.74
12/4/2023,East,Brand A,Product 1,Consumer Goods,5156.31,1934.68,148,9.5,2.82
8/14/2023,North,Brand A,Product 5,Home Appliances,7995.74,2426.68,237,13.61,3.6
8/22/2023,East,Brand D,Product 4,Apparel,5578.34,1819.92,165,12.56,3.44
4/7/2023,East,Brand B,Product 2,Consumer Goods,7809.43,2962.82,240,5.25,3.95
6/8/2023,West,Brand B,Product 2,Consumer Goods,9305.89,3104.82,302,10.29,4.39
8/8/2023,North,Brand D,Product 2,Home Appliances,6463.92,1784.93,210,24.13,3.77
4/8/2023,East,Brand B,Product 4,Home Appliances,9817.47,3274.41,305,6.97,4.56
1/10/2023,East,Brand A,Product 5,Electronics,11769.65,4075.64,372,4.21,4.41
6/30/2023,North,Brand D,Product 4,Consumer Goods,5778.41,1953.64,177,11.05,3.08
1/8/2023,West,Brand A,Product 1,Electronics,2174.64,926.65,67,19.97,2.83
2/5/2023,East,Brand C,Product 1,Consumer Goods,10551.54,3644.74,330,14.97,4.12
7/9/2023,South,Brand C,Product 2,Electronics,8826.38,2838.79,272,17.34,2.83
2/10/2023,East,Brand B,Product 3,Home Appliances,3442.86,1128.33,103,5.55,2.79
3/17/2023,South,Brand C,Product 2,Apparel,3189.45,1192.41,107,15.85,3.16
7/1/2023,West,Brand A,Product 3,Home Appliances,11656.09,3894.21,372,8.76,4.19
2/20/2023,East,Brand C,Product 4,Electronics,7221.03,2427.19,223,21.02,3.36
3/14/2023,North,Brand A,Product 1,Electronics,10733.75,3581.19,329,16.1,4.51
5/16/2023,North,Brand B,Product 3,Apparel,5514.91,1739.87,163,5.77,2.95
9/11/2023,East,Brand B,Product 4,Consumer Goods,11355.89,3849,337,2.55,4.47
9/14/2023,West,Brand A,Product 1,Electronics,12428.12,4175.01,391,2.02,3.92
11/29/2023,West,Brand C,Product 3,Electronics,7387.8,2276.76,200,9.91,4.6
8/21/2023,North,Brand B,Product 2,Electronics,6073.49,1976.69,176,7.38,3.29
11/25/2023,East,Brand D,Product 2,Apparel,5793.5,2039.87,204,16.51,3.39
5/17/2023,West,Brand B,Product 2,Home Appliances,10918.88,3521.94,322,12.98,4.57
9/11/2023,North,Brand C,Product 4,Electronics,4868.64,1773.64,153,7.38,3.1
11/10/2023,South,Brand D,Product 2,Apparel,11025.44,3683.43,348,4.58,4.82
5/27/2023,East,Brand C,Product 5,Electronics,9771.07,3264.31,295,4.05,4.12
10/4/2023,South,Brand A,Product 1,Consumer Goods,6617.8,2223.22,225,21.75,3.58
1/25/2023,South,Brand D,Product 4,Apparel,2898.71,744.19,88,6.84,2.85
10/18/2023,West,Brand C,Product 2,Electronics,7603.12,2235.13,219,16.64,4.08
10/8/2023,West,Brand D,Product 1,Apparel,9554.46,3272.67,296,20.46,4.07
11/23/2023,West,Brand C,Product 3,Electronics,2867.19,1059.23,75,15.74,3.05
8/9/2023,East,Brand D,Product 2,Home Appliances,11026.76,3757.06,355,21.63,4.49
3/18/2023,South,Brand C,Product 1,Electronics,1814.86,741.05,62,10.42,2.86
9/29/2023,East,Brand A,Product 5,Apparel,11709.4,3916.18,365,23.95,4.53
2/14/2023,West,Brand D,Product 3,Consumer Goods,11928.68,4064.66,362,4.2,4.26
2/21/2023,South,Brand D,Product 5,Consumer Goods,3344.74,1218.13,85,3.45,2.91
9/25/2023,East,Brand D,Product 1,Consumer Goods,7103.06,2534.02,222,16.81,3.16
6/14/2023,East,Brand D,Product 5,Electronics,2018.28,816.49,69,23.63,2.96
5/16/2023,North,Brand A,Product 1,Home Appliances,12257.57,3942.44,370,20.41,3.66
1/3/2023,East,Brand D,Product 1,Electronics,10327.11,3445.83,313,2.83,4.18
3/4/2023,West,Brand B,Product 5,Consumer Goods,6230.81,1981.41,191,7.7,3.34
12/11/2023,East,Brand A,Product 1,Apparel,6081.22,2027.82,192,23.33,3.61
4/9/2023,South,Brand B,Product 2,Consumer Goods,4725.87,1629.38,141,7.07,2.79
8/24/2023,East,Brand D,Product 1,Apparel,11856.11,3906.04,371,19.75,3.51
12/4/2023,North,Brand C,Product 4,Home Appliances,10663.77,3526.21,337,20.8,4.04
12/9/2023,South,Brand B,Product 1,Apparel,8664.52,2655.98,264,12.89,3.4
1/2/2023,South,Brand D,Product 4,Electronics,12369.89,4157.07,391,10.27,3.74
7/23/2023,North,Brand B,Product 1,Electronics,3450.69,1353.17,100,11.8,3.31
2/24/2023,West,Brand D,Product 1,Electronics,6985.77,2604.52,202,6.45,4.15
4/10/2023,South,Brand D,Product 5,Apparel,7567.05,2595.84,235,22.35,3.36
12/12/2023,West,Brand D,Product 2,Electronics,3737.83,1310.16,112,11.81,3.03
1/14/2023,South,Brand C,Product 2,Electronics,7326.93,2336.37,239,22.18,3.57
4/15/2023,South,Brand B,Product 3,Electronics,5890.76,2199.81,174,3.54,3.11
9/18/2023,West,Brand A,Product 5,Home Appliances,6374.82,2216.91,199,24.72,3.76
1/3/2023,South,Brand A,Product 5,Apparel,11492.77,3864.15,363,11.64,4.72
9/15/2023,West,Brand A,Product 2,Apparel,3462.57,1175.91,107,2.15,2.69
5/23/2023,North,Brand A,Product 5,Consumer Goods,12719.04,4137.71,391,1.91,4.47
7/15/2023,West,Brand D,Product 2,Apparel,11458.16,3914.97,354,18.91,4.78
6/2/2023,North,Brand B,Product 5,Home Appliances,7293.86,2324.28,229,16.82,3.92
2/24/2023,South,Brand B,Product 1,Apparel,6878.27,2597.89,219,20.25,3.93
10/1/2023,West,Brand C,Product 2,Home Appliances,11932.43,4190.35,375,3.53,4.92
4/11/2023,South,Brand B,Product 2,Home Appliances,10615.26,3472.8,320,1.85,4.64
1/28/2023,West,Brand B,Product 4,Apparel,3336.01,1081.75,103,13.21,3.43
9/22/2023,North,Brand B,Product 5,Consumer Goods,5679.4,1582.97,150,10.3,3.31
5/13/2023,North,Brand C,Product 5,Electronics,9868.02,3100.89,313,12.09,3.91
11/30/2023,West,Brand A,Product 2,Electronics,2570.74,1108.74,102,24.8,3.05
9/11/2023,North,Brand B,Product 1,Apparel,3462.73,1272.54,109,24.3,2.83
11/13/2023,South,Brand C,Product 1,Apparel,4834.66,1721.91,157,23.62,2.5
8/17/2023,South,Brand C,Product 1,Home Appliances,2187.97,511.07,54,19.81,2.66
8/10/2023,East,Brand D,Product 5,Apparel,5184.3,1710.85,152,9.52,3.4
12/9/2023,North,Brand C,Product 4,Home Appliances,7634.5,2778.22,245,10.89,3.49
7/28/2023,South,Brand A,Product 2,Consumer Goods,9826.8,3263.19,311,14.19,3.98
1/23/2023,West,Brand B,Product 3,Apparel,12640.91,3989.05,399,20.93,4.43
6/1/2023,North,Brand C,Product 4,Electronics,2895.4,1075.25,96,2.65,3.52
10/23/2023,South,Brand A,Product 3,Electronics,11865.08,3778.43,360,11.18,4.16
9/28/2023,North,Brand C,Product 4,Apparel,11381.44,3850.79,357,2.98,4.83
7/18/2023,West,Brand C,Product 1,Home Appliances,6490.84,2130.79,193,13.35,2.38
1/16/2023,South,Brand C,Product 5,Electronics,10244.96,3510.19,318,22.57,4.63
3/15/2023,East,Brand C,Product 3,Home Appliances,5858.98,1822.25,173,19.78,3.88
12/16/2023,East,Brand C,Product 4,Apparel,5624.98,1830.73,155,6.47,3.64
9/26/2023,North,Brand A,Product 5,Apparel,6561.63,2354.48,207,24.42,2.73
5/7/2023,West,Brand B,Product 3,Electronics,6604.13,2034.27,196,17.02,3.89
7/14/2023,South,Brand B,Product 2,Apparel,6441.91,2020.51,194,1.25,3.45
8/25/2023,West,Brand B,Product 4,Consumer Goods,5541.35,1869.9,169,7.13,2.33
8/9/2023,South,Brand B,Product 2,Consumer Goods,11726.75,3953.66,368,7.26,4.86
11/9/2023,North,Brand A,Product 1,Electronics,10516.58,3438.7,324,2.66,4.7
11/5/2023,South,Brand D,Product 2,Consumer Goods,4947.51,1599.27,141,24.04,2.44
9/3/2023,West,Brand D,Product 2,Home Appliances,3401.4,1299.59,107,12.48,3.11
10/4/2023,West,Brand A,Product 4,Electronics,12558.8,4307.15,395,22.5,5
2/20/2023,North,Brand A,Product 1,Electronics,9119.46,2894.58,278,8.73,4.38
5/8/2023,West,Brand C,Product 2,Home Appliances,5559.57,1959.76,166,4.01,3.66
5/13/2023,South,Brand C,Product 5,Consumer Goods,11633.78,4033.05,367,12.38,3.28
1/30/2023,North,Brand C,Product 3,Consumer Goods,10847.26,3572.02,328,3.73,4.43
4/20/2023,South,Brand B,Product 2,Consumer Goods,5470.84,1722.37,176,12.66,3.29
7/13/2023,West,Brand C,Product 1,Electronics,5781.77,1821.95,178,23.09,3.79
7/7/2023,North,Brand D,Product 2,Electronics,3310.31,1174.34,107,13.5,3.14
11/9/2023,South,Brand B,Product 3,Consumer Goods,5799.03,2114.49,171,15.8,3.35
9/18/2023,West,Brand C,Product 1,Apparel,2082.83,764.91,50,4.76,3.01
11/27/2023,West,Brand B,Product 4,Consumer Goods,9408.2,3150,288,2.05,3.87
9/14/2023,East,Brand D,Product 1,Home Appliances,11149.88,3525.28,339,3.66,4.19
5/25/2023,West,Brand C,Product 4,Electronics,4637.46,1746.98,145,15.36,3
6/25/2023,South,Brand D,Product 1,Home Appliances,6021.57,1820.19,175,3.28,2.73
6/14/2023,North,Brand D,Product 3,Home Appliances,5287.54,1758.32,167,10.02,3.56
8/27/2023,East,Brand D,Product 3,Electronics,3653.05,1334.88,97,14.2,2.66
4/13/2023,West,Brand C,Product 1,Apparel,4441.75,1236.01,138,10.33,3.11
7/4/2023,West,Brand A,Product 2,Consumer Goods,8806.18,3001.88,286,4.93,4.04
5/6/2023,West,Brand C,Product 3,Home Appliances,10072.06,3167.7,321,7.57,3.27
6/3/2023,South,Brand D,Product 4,Electronics,7247.31,2437.58,238,23.28,2.95
4/29/2023,East,Brand C,Product 4,Home Appliances,7587.85,2505.41,241,17.22,3.59
1/6/2023,South,Brand D,Product 5,Consumer Goods,4070.28,1733.04,118,12.91,3.27
5/10/2023,East,Brand A,Product 4,Apparel,11006.3,3568.24,327,1.31,4.43
11/4/2023,North,Brand B,Product 5,Apparel,12280.91,4335.3,398,24.82,3.85
8/15/2023,South,Brand A,Product 1,Apparel,9262.72,3207.46,296,17.11,4.23
4/17/2023,South,Brand A,Product 1,Electronics,3888.34,1253.21,125,8.61,3.03
4/20/2023,North,Brand B,Product 1,Electronics,6250.36,2176.3,203,22.1,3.16
3/22/2023,East,Brand C,Product 2,Apparel,5756.73,1939.8,193,7.2,3.21
6/8/2023,West,Brand B,Product 2,Consumer Goods,4320.76,1561.3,135,14.06,3.5
10/31/2023,North,Brand C,Product 5,Consumer Goods,7905.15,2526.18,234,16.27,3.78
8/27/2023,West,Brand C,Product 4,Electronics,10516.43,3760.14,334,6.31,4.19
4/7/2023,West,Brand D,Product 4,Apparel,8679.87,3043.9,269,24.48,3.94
8/8/2023,North,Brand D,Product 1,Consumer Goods,3579.95,1308.82,118,18.96,3.46
11/15/2023,East,Brand B,Product 3,Consumer Goods,3783.75,1544.36,96,14.39,2.94
4/1/2023,West,Brand A,Product 2,Consumer Goods,5408.61,1811.13,143,5.33,3.24
9/17/2023,North,Brand B,Product 2,Electronics,9630.97,3365.9,287,2.29,4.39
4/26/2023,South,Brand C,Product 1,Apparel,8783.63,2889.27,253,8.68,3.63
1/1/2023,South,Brand D,Product 2,Home Appliances,8647.04,2958.96,267,19.08,4.08
1/28/2023,South,Brand B,Product 1,Apparel,12668.3,4147.28,390,7.46,4.25
5/28/2023,North,Brand B,Product 5,Apparel,3364.07,1170,88,13.95,2.77
6/8/2023,South,Brand D,Product 4,Electronics,4887.53,1705.63,149,18.47,3.2
10/1/2023,West,Brand D,Product 3,Consumer Goods,10499.65,3420.26,338,3.59,4.4
1/30/2023,South,Brand D,Product 4,Consumer Goods,9963.52,3261.35,303,17.45,4.49
11/22/2023,South,Brand C,Product 4,Electronics,8719.09,2883.94,271,3.2,3.89
4/22/2023,West,Brand D,Product 5,Electronics,2130.31,824.04,72,24.16,2.26
11/7/2023,South,Brand A,Product 2,Electronics,9718.06,3235.31,299,12.72,4.25
6/22/2023,West,Brand B,Product 3,Electronics,2625.95,1139.27,59,4.62,3.78
11/5/2023,South,Brand D,Product 2,Electronics,9560.48,3308.11,295,9.22,4.02
7/20/2023,West,Brand D,Product 4,Home Appliances,11984.19,3898.92,374,10.92,3.69
12/6/2023,South,Brand C,Product 1,Apparel,4632.57,1829.05,149,19.2,3.31
7/14/2023,West,Brand C,Product 4,Apparel,10713.32,3846.97,339,18.84,4.19
11/1/2023,North,Brand B,Product 2,Apparel,7611.46,2234.8,229,15.69,3.61
5/21/2023,West,Brand A,Product 4,Consumer Goods,9486.34,3267.34,272,3.54,4.24
12/27/2023,South,Brand B,Product 1,Home Appliances,10447.63,3333.27,299,4.64,4.55
9/5/2023,South,Brand D,Product 5,Apparel,6711.83,2377.74,196,3.25,3.75
2/27/2023,East,Brand A,Product 2,Consumer Goods,5013.58,1887.72,145,14.85,3.17
10/27/2023,West,Brand A,Product 4,Home Appliances,10339.76,3289.4,306,22.05,4.48
10/8/2023,North,Brand A,Product 2,Home Appliances,11602.07,3559.29,374,11.41,3.77
5/20/2023,West,Brand A,Product 5,Consumer Goods,2201.72,905.67,53,4.86,2.48
12/8/2023,West,Brand B,Product 4,Home Appliances,2481.24,899.78,65,14.39,2.58
8/19/2023,North,Brand C,Product 4,Consumer Goods,10823.65,3320.28,329,20.48,4.13
1/16/2023,West,Brand C,Product 2,Apparel,11852.38,4343.91,385,18.8,4.63
9/17/2023,North,Brand D,Product 2,Consumer Goods,9045.8,3142.1,296,22.15,3.9
7/31/2023,North,Brand C,Product 1,Home Appliances,9835.89,3357.12,307,7.67,3.67
2/23/2023,West,Brand C,Product 5,Apparel,7085.48,2590.99,209,5.65,3.93
6/6/2023,West,Brand C,Product 1,Apparel,12545.29,4044.74,389,22.12,4.35
4/18/2023,South,Brand C,Product 4,Electronics,6642.71,2259.54,201,16.78,3.55
8/1/2023,South,Brand D,Product 2,Electronics,7408.73,2301.05,227,8.46,3.86
4/23/2023,East,Brand B,Product 4,Home Appliances,6917.8,2241.04,212,18.82,3.58
8/28/2023,East,Brand A,Product 4,Consumer Goods,2827.33,1075.05,82,20.56,2.93
9/1/2023,West,Brand C,Product 3,Consumer Goods,7937.55,2393.2,228,15.76,4.05
2/1/2023,North,Brand B,Product 3,Home Appliances,4949.17,1607.38,150,17.51,3.31
7/23/2023,East,Brand C,Product 4,Apparel,10131.01,3249.07,317,10.01,4.43
11/1/2023,West,Brand C,Product 2,Home Appliances,12001.53,3994.59,372,13.93,4.58
3/13/2023,East,Brand A,Product 4,Home Appliances,4051.2,1520.84,114,13.58,3.88
4/6/2023,North,Brand A,Product 3,Apparel,6468.16,2349.8,217,21.35,3.75
11/30/2023,West,Brand A,Product 2,Consumer Goods,11977.96,4134.82,379,21.16,4.65
10/16/2023,North,Brand C,Product 4,Home Appliances,3095.15,1333.64,92,20.98,3.4
1/17/2023,West,Brand C,Product 5,Consumer Goods,3205.96,1228.1,93,1.26,2.99
11/8/2023,East,Brand C,Product 5,Home Appliances,10828.81,3854.05,334,18.99,3.91
4/12/2023,South,Brand A,Product 4,Apparel,1829.24,728,61,19.21,2.62
5/26/2023,East,Brand D,Product 2,Apparel,4804.31,1614.79,144,17.28,3.03
10/2/2023,East,Brand B,Product 4,Electronics,10973.36,3730.18,351,19.15,3.87
11/3/2023,South,Brand D,Product 4,Apparel,9601.62,3178.8,302,21.21,4.14
7/19/2023,South,Brand C,Product 3,Electronics,9409.86,3397.51,291,12.29,3.7
8/5/2023,West,Brand C,Product 5,Home Appliances,2531.58,1120.44,84,13.05,3
6/24/2023,West,Brand D,Product 3,Consumer Goods,8668.91,2995.6,264,3.99,3.76
10/20/2023,North,Brand C,Product 3,Apparel,12995.62,4261.29,386,10.25,4.41
4/1/2023,North,Brand B,Product 4,Apparel,4139.84,1422.71,139,16.44,3.42
3/26/2023,East,Brand C,Product 3,Apparel,9846.42,3385.22,313,19.73,3.85
6/7/2023,South,Brand B,Product 5,Home Appliances,5196.89,1587.44,142,6.21,3.47
4/1/2023,North,Brand D,Product 3,Electronics,4960.25,1939.31,139,4.31,3.82
6/28/2023,East,Brand D,Product 5,Home Appliances,5564.14,1865.25,164,16.91,3.46
11/19/2023,South,Brand C,Product 3,Consumer Goods,4483.06,1622.39,154,1.05,2.96
11/1/2023,West,Brand B,Product 5,Home Appliances,8146.06,2564.02,245,5.28,3.48
4/4/2023,East,Brand C,Product 3,Consumer Goods,11479.17,3915.02,363,1.7,4.22
8/13/2023,West,Brand A,Product 3,Apparel,5523.29,1792.61,163,5.01,3.08
11/26/2023,North,Brand A,Product 2,Consumer Goods,4175.6,1525.46,124,5.35,2.72
10/1/2023,North,Brand A,Product 5,Consumer Goods,9287.29,3162.02,266,10.3,3.89
9/5/2023,South,Brand A,Product 5,Electronics,10592.48,3405.05,326,10.66,4.04
4/15/2023,East,Brand C,Product 5,Consumer Goods,9389.66,2978.18,298,21.98,4.07
7/15/2023,West,Brand A,Product 1,Consumer Goods,6546.36,2494.35,213,13.24,4.04
10/30/2023,South,Brand B,Product 3,Home Appliances,7713.01,2561.93,241,18.36,3.61
1/8/2023,North,Brand D,Product 5,Apparel,9155.65,3044.93,276,3.5,3.41
11/13/2023,North,Brand D,Product 1,Home Appliances,7353.77,2536.78,226,6.41,3.47
6/10/2023,East,Brand A,Product 2,Home Appliances,4729.88,1467.82,148,17.87,3.55
4/22/2023,West,Brand A,Product 5,Apparel,2983.36,1145.02,85,2.27,3.2
11/30/2023,East,Brand A,Product 5,Apparel,5006.86,1728.21,145,12.68,3.43
3/21/2023,West,Brand C,Product 1,Consumer Goods,6678.07,2137.74,201,15.38,3.26
8/19/2023,West,Brand D,Product 3,Consumer Goods,6936.74,2150.74,200,15.45,3.8
10/2/2023,East,Brand A,Product 2,Electronics,7665.4,2689.52,239,1.55,4.09
1/7/2023,South,Brand B,Product 5,Home Appliances,8934.2,3128.05,273,8.73,3.59
9/29/2023,East,Brand A,Product 3,Apparel,2882.03,1064.96,86,16.28,2.91
10/23/2023,East,Brand D,Product 2,Consumer Goods,10392.32,3261.57,317,4.58,4.89
6/16/2023,North,Brand A,Product 4,Apparel,7488.01,2345.6,232,17.69,3.36
9/20/2023,North,Brand D,Product 4,Consumer Goods,2124.36,696.67,62,18.9,2.13
12/29/2023,East,Brand A,Product 2,Electronics,10568.75,3767.54,328,24.57,4.69
7/25/2023,East,Brand B,Product 1,Electronics,8429.14,2816.51,266,6.04,4.28
2/3/2023,North,Brand A,Product 2,Apparel,10311.45,3377.19,335,20.8,3.99
12/27/2023,West,Brand B,Product 2,Electronics,10716.41,3275.32,322,13.49,4.06
1/12/2023,East,Brand B,Product 1,Apparel,3627.39,1158.6,111,9.96,2.57
4/22/2023,South,Brand A,Product 1,Consumer Goods,4662.86,1406.8,133,3.94,3.2
11/7/2023,South,Brand B,Product 3,Home Appliances,8875.89,2815.31,266,18.65,4.3
10/26/2023,South,Brand C,Product 3,Electronics,12616.72,4166.07,391,6.66,4.24
11/25/2023,East,Brand A,Product 1,Consumer Goods,7901.41,2588.72,236,9.91,4.03
2/14/2023,West,Brand A,Product 4,Home Appliances,2875.96,1261.19,68,2.5,3.03
9/2/2023,West,Brand B,Product 4,Home Appliances,6613.73,2460.19,226,20.23,3.86
7/30/2023,North,Brand B,Product 2,Home Appliances,4642.3,1519.81,149,19.4,3.05
6/11/2023,East,Brand A,Product 5,Consumer Goods,9075.11,2883.66,282,18.61,3.77
5/2/2023,West,Brand C,Product 2,Consumer Goods,4520.75,1706.9,125,8.19,2.39
1/2/2023,East,Brand B,Product 2,Apparel,10131.04,3601.93,314,5.16,3.84
9/3/2023,North,Brand B,Product 5,Home Appliances,10418.14,3172.92,333,16.3,4.63
11/4/2023,North,Brand D,Product 1,Home Appliances,7891.61,2666.99,255,12.91,3.4
5/7/2023,North,Brand C,Product 4,Home Appliances,9055.56,2947.5,272,5.28,3.55
5/18/2023,South,Brand C,Product 2,Apparel,3354.96,1301.16,101,17.46,3.26
8/21/2023,East,Brand A,Product 5,Home Appliances,12186.26,4344.02,388,24.79,4.6
3/11/2023,North,Brand C,Product 3,Consumer Goods,6438.7,2110.11,193,18.93,3.74
11/26/2023,East,Brand A,Product 2,Home Appliances,2913.09,786.4,118,18.76,2.62
12/31/2023,South,Brand D,Product 4,Electronics,5536.12,1980.16,148,23.81,4.27
12/2/2023,South,Brand C,Product 1,Consumer Goods,2389.36,1073.02,74,5.87,2.38
11/2/2023,North,Brand B,Product 2,Apparel,3528.32,1194.1,102,14.57,3.07
1/16/2023,North,Brand D,Product 2,Home Appliances,5808.23,1918.13,200,24.51,3.44
3/14/2023,West,Brand A,Product 5,Electronics,6186.8,2016.63,193,4.97,2.99
5/21/2023,East,Brand D,Product 3,Apparel,3862.7,1449.3,106,17.81,2.88
9/12/2023,North,Brand A,Product 3,Apparel,2429.12,862.58,88,15.06,2.95
2/6/2023,West,Brand D,Product 1,Consumer Goods,5457.73,1881.25,158,15.08,3.03
4/2/2023,East,Brand A,Product 4,Apparel,7356.71,2504.59,230,17.74,4.02
5/16/2023,North,Brand C,Product 1,Apparel,3104.56,1091.35,91,23.31,2.89
1/1/2023,West,Brand B,Product 2,Apparel,7578.23,2626.67,235,19.78,3.14
8/26/2023,West,Brand A,Product 2,Apparel,8915.13,2865.47,272,2.35,3.29
4/29/2023,East,Brand D,Product 3,Home Appliances,5268.03,1774.29,171,21.47,3.6
7/29/2023,West,Brand A,Product 4,Home Appliances,5817.5,2078.78,182,6.41,2.82
9/15/2023,East,Brand A,Product 5,Home Appliances,6508.16,2087.33,212,10.05,3.69
5/30/2023,East,Brand A,Product 4,Home Appliances,8685.89,2767.33,264,12.08,4
9/29/2023,East,Brand D,Product 2,Electronics,9112.86,2801.76,270,12.54,3.45
10/19/2023,South,Brand B,Product 5,Home Appliances,8656.26,3073.23,284,11.44,4.28
5/7/2023,West,Brand C,Product 4,Apparel,11561.64,3820.27,380,23.5,3.71
5/11/2023,East,Brand B,Product 4,Home Appliances,6245.02,1933.89,195,17.94,3.59
6/20/2023,North,Brand A,Product 5,Home Appliances,9234.51,3208.88,288,16.15,3.92
11/1/2023,South,Brand D,Product 2,Consumer Goods,4596.29,1469.61,125,2.2,3.08
11/25/2023,South,Brand B,Product 4,Apparel,1817.7,555.62,58,22.69,2.32
9/14/2023,West,Brand A,Product 5,Home Appliances,3800.87,1303.88,123,22.83,2.74
10/5/2023,East,Brand C,Product 2,Home Appliances,10026.57,3565.33,302,19.73,4.66
2/25/2023,West,Brand C,Product 5,Home Appliances,9427.28,3074.63,279,1.17,4.38
12/28/2023,South,Brand C,Product 5,Electronics,2421.44,957.5,56,2.37,3.08
3/26/2023,East,Brand A,Product 4,Home Appliances,7425.86,2611.07,223,6.41,3.99
3/29/2023,North,Brand D,Product 2,Consumer Goods,6690.34,2308.5,190,4.15,3.79
6/7/2023,East,Brand B,Product 4,Apparel,6845.66,2508.86,217,10.57,3.46
2/7/2023,South,Brand C,Product 1,Apparel,6707.86,2189.6,219,23.14,3.61
3/9/2023,North,Brand A,Product 1,Home Appliances,10713.09,3364.32,332,12.33,3.57
9/4/2023,East,Brand A,Product 2,Home Appliances,5286.49,1670.13,171,1.32,3.32
3/6/2023,North,Brand B,Product 5,Home Appliances,8038.54,2683.38,243,7.79,4.19
11/10/2023,North,Brand C,Product 4,Apparel,1995.12,590.01,54,2.07,2.51
8/20/2023,South,Brand A,Product 4,Apparel,2550.06,980.61,78,1.87,3.3
12/27/2023,North,Brand B,Product 2,Electronics,6747.69,2306.8,214,7.62,3.61
5/3/2023,West,Brand D,Product 2,Consumer Goods,12270.26,4190.64,388,7.61,3.89
7/1/2023,South,Brand D,Product 1,Electronics,6158.24,2102.33,185,19.89,2.98
8/28/2023,West,Brand D,Product 3,Consumer Goods,11481.72,3783.89,370,24.4,4.72
5/15/2023,North,Brand C,Product 2,Electronics,12880.58,4297.57,391,9.91,4.68
8/14/2023,West,Brand B,Product 3,Apparel,6371.7,2001.93,194,11.29,3.51
2/14/2023,East,Brand B,Product 2,Electronics,12208.07,4011.82,376,21.27,4.27
11/26/2023,North,Brand A,Product 5,Consumer Goods,8469.97,2893.11,266,7.44,3.91
4/18/2023,East,Brand A,Product 5,Home Appliances,11334.48,3783.12,350,4.75,4.6
8/26/2023,West,Brand A,Product 1,Consumer Goods,6017.5,2128.4,181,21.47,4
5/3/2023,East,Brand B,Product 1,Home Appliances,11107.3,3602.94,341,2.12,4.81
10/3/2023,North,Brand A,Product 3,Apparel,4266.57,1639.64,119,15.87,3.24
1/18/2023,East,Brand B,Product 2,Consumer Goods,8937.66,3306.55,301,14.49,3.94
4/3/2023,West,Brand B,Product 4,Electronics,11142.89,3402.25,324,9.3,4.18
12/24/2023,West,Brand D,Product 1,Consumer Goods,7831.63,2430.76,231,8.56,3.86
7/6/2023,West,Brand A,Product 4,Home Appliances,6892.52,2350.95,216,19.52,3.79
7/7/2023,North,Brand D,Product 4,Apparel,4732.83,1610.88,140,3.07,3.72
10/18/2023,West,Brand C,Product 2,Electronics,8090.09,3039.05,251,6.68,4.6
5/23/2023,North,Brand C,Product 3,Consumer Goods,12643.58,4203.51,395,18.58,4.39
9/12/2023,East,Brand C,Product 2,Home Appliances,2866.57,1246.64,68,14.16,3.7
7/6/2023,West,Brand B,Product 1,Electronics,3211.95,842.06,88,4.07,3.41
3/7/2023,East,Brand B,Product 4,Apparel,5916.46,2117.97,175,22.17,3.33
4/24/2023,South,Brand B,Product 2,Electronics,7073.07,2315.41,222,10.44,4.21
7/23/2023,East,Brand A,Product 2,Apparel,5886.68,1948.15,190,20.87,4.12
6/6/2023,South,Brand D,Product 2,Electronics,9729.6,3165.69,291,19.91,3.77
9/6/2023,East,Brand B,Product 1,Consumer Goods,8915.12,2779.99,269,15.99,4.54
6/25/2023,North,Brand D,Product 3,Home Appliances,6237.05,2165.93,175,12.87,3.81
4/13/2023,East,Brand D,Product 2,Consumer Goods,3382.66,1287.39,107,24.51,3.98
10/4/2023,North,Brand D,Product 1,Consumer Goods,6228.83,2156.91,197,4.48,3.32
6/28/2023,North,Brand A,Product 4,Apparel,11434.09,3933.01,366,18.4,4.19
1/3/2023,West,Brand A,Product 5,Apparel,1556.82,813.39,50,5.59,1.94
9/24/2023,North,Brand C,Product 1,Apparel,12927.53,4207,397,9.12,4.71
3/21/2023,South,Brand C,Product 5,Consumer Goods,7587.55,2638.75,239,8.41,3.85
8/3/2023,West,Brand D,Product 2,Electronics,7187.53,2494.57,240,23.73,3.47
7/21/2023,West,Brand C,Product 2,Electronics,11363.81,3833.21,361,24.22,4.27
10/8/2023,East,Brand D,Product 1,Consumer Goods,5073.22,1799.47,166,5.39,2.81
5/21/2023,North,Brand A,Product 5,Consumer Goods,5706.1,2225.82,183,1.53,3.89
4/1/2023,North,Brand A,Product 2,Home Appliances,3543.6,1172.9,107,18.28,2.84
1/1/2023,South,Brand A,Product 4,Apparel,2940.28,902.34,93,11.03,4.2
1/25/2023,East,Brand B,Product 3,Apparel,7553.55,2404.7,222,3.13,3.54
4/28/2023,East,Brand D,Product 3,Consumer Goods,6238.48,2253.27,209,17.41,3.24
5/9/2023,West,Brand A,Product 2,Consumer Goods,6465.57,2236.15,222,14.08,3.45
7/29/2023,West,Brand D,Product 5,Electronics,11276.92,3669.35,366,24.53,3.77
12/19/2023,West,Brand C,Product 2,Consumer Goods,11397.09,3614.44,352,6.46,4.45
1/14/2023,South,Brand C,Product 5,Electronics,6591.42,2243.15,198,10.7,3.32
10/7/2023,South,Brand A,Product 4,Consumer Goods,4430.79,1642.25,129,14.02,3.6
4/17/2023,West,Brand D,Product 5,Home Appliances,7982.21,2750.44,262,20,3.7
5/31/2023,East,Brand A,Product 2,Home Appliances,8424.09,2787.71,252,14.17,4.31
11/7/2023,South,Brand C,Product 4,Electronics,9943.99,3325.39,301,15.71,4.31
10/8/2023,East,Brand A,Product 1,Apparel,8662.15,2937.73,278,6.43,3.9
2/12/2023,East,Brand D,Product 3,Home Appliances,6855.23,2378.12,213,21.33,4.2
2/28/2023,North,Brand C,Product 2,Electronics,8880.54,2807.54,276,11.29,4.26
10/8/2023,West,Brand B,Product 2,Consumer Goods,6812.07,2357.54,196,4.38,4.66
7/29/2023,North,Brand C,Product 2,Consumer Goods,2290.66,778.64,69,16.94,2.68
10/25/2023,West,Brand B,Product 4,Electronics,3368.97,1340.87,96,6.19,3.01
9/25/2023,West,Brand A,Product 1,Apparel,9509.92,3188.29,282,3.34,4.54
6/6/2023,East,Brand A,Product 5,Electronics,10691.05,3688.71,354,21.69,3.65
5/29/2023,West,Brand D,Product 1,Electronics,2598.91,897.55,63,12.04,3.34
11/22/2023,East,Brand B,Product 4,Home Appliances,6544.74,2162.11,192,18.98,3.64
12/9/2023,East,Brand A,Product 2,Electronics,2349.57,1031.27,50,7.97,2.39
2/28/2023,West,Brand B,Product 3,Electronics,2642.64,1055.6,103,19.89,2.47
3/1/2023,East,Brand A,Product 2,Consumer Goods,9884.03,3168.38,308,3.69,3.77
10/17/2023,East,Brand C,Product 5,Home Appliances,5567.53,2039.98,193,9.54,2.55
1/19/2023,East,Brand A,Product 3,Consumer Goods,1254.22,486.02,61,24.47,2.61
2/27/2023,South,Brand D,Product 2,Consumer Goods,12041.2,4034.35,379,20.06,4.64
3/28/2023,East,Brand C,Product 3,Apparel,8611.14,3158.01,273,12.93,3.67
8/20/2023,South,Brand D,Product 1,Apparel,10514.7,3289,321,9.15,4.66
9/17/2023,South,Brand C,Product 4,Home Appliances,6804.67,2294.25,205,21.93,4.19
5/22/2023,East,Brand B,Product 2,Home Appliances,2532.28,973.07,57,14.08,3.3
1/16/2023,East,Brand D,Product 5,Apparel,5547.59,2015.97,171,19.2,3.45
5/17/2023,South,Brand A,Product 1,Apparel,13211.55,4088.46,397,19.1,3.56
6/3/2023,South,Brand B,Product 2,Apparel,7117.17,2139.1,213,1.43,3.28
8/9/2023,East,Brand A,Product 1,Apparel,5289.93,1921,139,4.03,3.14
11/22/2023,East,Brand C,Product 5,Apparel,5211.17,1718.1,185,16.83,3.07
11/6/2023,West,Brand C,Product 2,Consumer Goods,8105.58,2563.01,235,4.88,3.62
6/22/2023,South,Brand A,Product 5,Home Appliances,11782.6,4156.64,365,7.13,4.97
6/1/2023,South,Brand A,Product 3,Consumer Goods,6465.04,2229.55,227,23.72,2.98
8/31/2023,West,Brand B,Product 5,Consumer Goods,2941.43,1081.28,77,14.44,3.61
6/8/2023,South,Brand A,Product 3,Electronics,8533.63,2854.38,269,19.02,4.2
8/6/2023,North,Brand D,Product 2,Consumer Goods,3269.6,966.67,90,14.39,3.06
5/22/2023,South,Brand D,Product 3,Apparel,9119.33,3115.16,277,14.26,3.6
12/3/2023,West,Brand A,Product 2,Apparel,7405.44,2562.55,241,3.26,3.36
5/2/2023,North,Brand D,Product 2,Electronics,6549.66,2191.69,194,9.25,2.82
3/30/2023,East,Brand A,Product 4,Electronics,8272.61,2772.54,250,7.78,4.44
4/21/2023,West,Brand B,Product 2,Electronics,8964.2,2940.2,261,10.38,4.42
6/25/2023,West,Brand D,Product 3,Electronics,8362.55,2929.63,269,20.16,3.28
6/21/2023,East,Brand D,Product 4,Electronics,9124.77,3024.2,289,9.93,3.72
6/14/2023,West,Brand A,Product 4,Consumer Goods,3310.16,1165.34,95,11.84,3.15
1/7/2023,South,Brand D,Product 2,Electronics,2952.54,1125.63,84,10.54,2.8
3/19/2023,East,Brand C,Product 5,Consumer Goods,9461.04,3162.58,302,3.24,3.24
4/14/2023,West,Brand B,Product 5,Home Appliances,4185.7,1699.36,131,11.59,2.89
1/14/2023,East,Brand B,Product 4,Electronics,9657.6,3000.47,305,5.69,4.81
3/3/2023,East,Brand D,Product 2,Electronics,7866.19,2678.23,246,5.48,3.49
11/24/2023,East,Brand D,Product 5,Consumer Goods,11552.96,3696.13,352,3.26,4.19
8/26/2023,North,Brand C,Product 2,Home Appliances,2052.78,606.73,59,9.56,2.34
3/15/2023,West,Brand C,Product 2,Consumer Goods,11753.05,3818.71,361,19.18,4.54
4/21/2023,North,Brand D,Product 4,Consumer Goods,10724.06,3570.27,335,7.63,4.22
12/4/2023,West,Brand D,Product 4,Electronics,8904.74,3005.95,291,8.5,3.66
11/3/2023,South,Brand C,Product 1,Apparel,9628.45,2953.42,300,16.42,3.48
7/13/2023,South,Brand A,Product 5,Apparel,1998.77,693.12,54,5.7,3.33
8/29/2023,South,Brand C,Product 5,Consumer Goods,5171.64,1805.98,168,22.53,2.7
9/19/2023,West,Brand A,Product 5,Electronics,11187.31,3560.86,338,13.48,4.39
8/27/2023,East,Brand B,Product 3,Home Appliances,3337.29,1005.53,114,11.74,2.21
