Title,Source,Description,URL,PublishedAt
"They Drank and Screamed on the Patio at 3:00 AM in Tokyo—Then Tried to Force Her to Pay the $1,500 Airbnb Fines and Noise Penalties",Twistedsifter.com,"She probably shouldn't go on a trip with these friends ever again...
The post They Drank and Screamed on the Patio at 3:00 AM in Tokyo—Then Tried to Force Her to Pay the $1,500 Airbnb Fines and Noise Penalties appeared first on TwistedSifter.",https://twistedsifter.com/2026/09/they-drank-and-screamed-on-the-patio-at-300-am-in-tokyo-then-tried-to-force-her-to-pay-the-1500-airbnb-fines-and-noise-penalties/,2026-09-27 22:55:45
Polish MP calls for migrant crackdown after Ukrainian kills priest,RT,"Polish ex-deputy PM Kowalczyk urged tighter border controls, saying the deadly attack could prompt a “wave of hostility” toward Ukrainians Read Full Article at RT.com",https://www.rt.com/news/646316-polish-mp--ukrainians-crackdown-priest/,2026-09-27 10:33:17
Poland eyes spending up to $4.4 billion on ‘Fort Trump’,RT,"A permanent US base Poland wants to host could station up to 5,000 troops and cost as much as $4.4 billion, officials say Read Full Article at RT.com",https://www.rt.com/news/646309-poland-spend-billions-fort-trump/,2026-09-27 00:02:30
NATO article 5 is not what you think it is,RT,Would the US go to war for a NATO ally? The treaty’s wording exposes a gap between expectations and the limits of American protection. Read Full Article at RT.com,https://www.rt.com/news/646324-nato-article-5-myths/,2026-09-27 19:24:38
"A Week of Symfony #1030 (September 21–27, 2026)",Symfony.com,"This week, Symfony continued unveiling new Symfony 8.2 features, including <a href=""https://symfony.com/blog/new-in-symfony-8-2-messenger-outbox-and-claim-check"">new Messenger options</a> and <a href=""https://symfony.com/blog/new-in-symfony-8-2-faster-messeng…",https://symfony.com/blog/a-week-of-symfony-1030-september-21-27-2026,2026-09-27 07:51:00
Nicole Scherzinger suffers horror burn and blisters after boiling water poured over her leg moments before she was due on stage in Germany,Dailymail.com,Nicole Scherzinger has revealed she suffered a horrific injury after boiling water poured over her leg moments before she was due on stage in Germany on Saturday.,https://www.dailymail.com/tvshowbiz/article-16165121/Nicole-Scherzinger-horror-burn-blisters-boiling-water.html,2026-09-27 22:43:53
Nicole Scherzinger shows off gruesome injury after ‘boiling water’ fell on her leg 1 hour before concert,Page Six,The singer powered through her severe injury to perform with the Pussycat Dolls.,https://pagesix.com/2026/09/27/celebrity-news/nicole-scherzinger-shows-off-gruesome-injury-after-boiling-water-fell-on-her-leg-1-hour-before-concert/,2026-09-27 20:36:16
"Independent wins Kraków mayorship first round, as far right sees setback for Tusk",POLITICO.eu,Łukasz Gibała and a candidate backed by PM Donald Tusk move on to a runoff as parties jostle ahead of a fall 2027 general election.,https://www.politico.eu/article/independent-lukasz-gibala-win-krakow-mayor-election-poland-donald-tusk/,2026-09-27 20:32:21
Speedway world champions heading to Ipswich stadium,BBC News,Ipswich's Foxhall Stadium will host two days of the FIM Speedway 2027 World Championships.,https://www.bbc.com/news/articles/cm5yddywdl33o?xtor=AL-72-%5Bpartner%5D-%5Byahoo.north.america%5D-%5Bheadline%5D-%5Bnews%5D-%5Bbizdev%5D-%5Bisapi%5D,2026-09-27 10:20:43
St. Joe golfer Lucy Dunham earns spot in State Finals,South Bend Tribune,South Bend Saint Joseph's standout golfer Lucy Dunham earned her spot in the State Finals at the Lake Central Regional on Saturday.,https://www.southbendtribune.com/story/sports/high-school/golf/2026/09/27/lucy-dunham-golf-lake-central-regional-saint-josephs-penn-2026/91813159007/,2026-09-27 18:28:28
" EPIC ADVENTURE ✈️ Round the World Trip from Europe: Singapore, Fiji, New Zealand, French Polynesia, USA from €1327",Fly4free.com,"Cross the entire globe in one unforgettable journey! Pack your bags for the ultimate multi-stop itinerary taking you from Rome to Asia, across the turquoise waters of the South Pacific, to the landscapes of New Zealand, through paradise in Tahiti, and ending …",https://www.fly4free.com/flight-deals/europe/around-the-world-from-europe-for-1327/,2026-09-27 09:00:18
Poland is racing ahead with military spending – but will it help or damage its economic growth story?,Biztoc.com,"In the first article in a series on the Polish economy, we look at the country’s defence boom and its implications
A short distance north from Warsaw along the Vistula river, camouflaged missile launchers roll through the quiet village of Czosnów.
As recently…",https://biztoc.com/x/df0918c37e7f085c,2026-09-27 05:18:38
Si corre a Varsavia la 48/ma Maratona,ANSA.it,"epa13265811 Runners in costume take part in the 48th Warsaw Marathon in Warsaw, Poland, 27 September 2026. The marathon has been held annually since 1979. EPA/RADEK PIETRUSZKA POLAND OUT RADEK PIETRUSZKA (ANSA). (ANSA)",https://www.ansa.it/sito/photogallery/curiosita/2026/09/27/si-corre-a-varsavia-la-48ma-maratona_3bdc690e-9621-42a1-879d-35513ccb8561.html,2026-09-27 09:37:16
Mass Education,Richmondmagazine.com,Classes for incarcerated students improve outcomes and reduce repeat offenses.,https://richmondmagazine.com/news/sunday-story/mass-education/,2026-09-27 10:30:00
"Lambert crowned, Kurtz bronze | Gillman lands 2027 Speedway GP finale",Mcnews.com.au,"Robert Lambert wins the 2026 Speedway GP title by two points, with Brady Kurtz taking bronze. Torun results and final standings, plus Gillman’s 2027 double-header, Jason Doyle’s plans and the latest speedway news.
The post Lambert crowned, Kurtz bronze | Gill…",https://www.mcnews.com.au/2026-torun-speedway-gp-results-world-title/,2026-09-27 22:00:42
