timestamp,btc_pln
2026-09-07 23:00:00,292601.039356525
2026-09-08 00:00:00,293186.6586105448
2026-09-08 01:00:00,293836.7587520605
2026-09-08 02:00:00,294185.7648913568
2026-09-08 03:00:00,292676.2251294861
2026-09-08 04:00:00,292448.81959980575
2026-09-08 05:00:00,291659.84801908245
2026-09-08 06:00:00,291198.3344165198
2026-09-08 07:00:00,290619.49179679714
2026-09-08 08:00:00,291243.2156094817
2026-09-08 09:00:00,291370.2552525047
2026-09-08 10:00:00,292504.48953430937
2026-09-08 11:00:00,291977.29184809973
2026-09-08 12:00:00,291314.85526114074
2026-09-08 13:00:00,291210.7864411057
2026-09-08 14:00:00,289488.7118151691
2026-09-08 15:00:00,291253.1298513993
2026-09-08 16:00:00,292435.86056937627
2026-09-08 17:00:00,292038.90322807187
2026-09-08 18:00:00,291180.96850032674
2026-09-08 19:00:00,290880.4575380324
2026-09-08 20:00:00,290999.0986857507
2026-09-08 21:00:00,291249.28851655975
2026-09-08 22:00:00,291142.42838645575
2026-09-08 23:00:00,291318.4784293339
2026-09-09 00:00:00,290976.039641631
2026-09-09 01:00:00,292098.9165472398
2026-09-09 02:00:00,292502.08567852026
2026-09-09 03:00:00,291909.18959096435
2026-09-09 04:00:00,291574.7141498164
2026-09-09 05:00:00,293468.04946016107
2026-09-09 06:00:00,292492.13055697165
2026-09-09 07:00:00,293192.3845092202
2026-09-09 08:00:00,293879.9834006079
2026-09-09 09:00:00,295594.265345303
2026-09-09 10:00:00,293179.7670448089
2026-09-09 11:00:00,292966.6526970787
2026-09-09 12:00:00,293928.18855763855
2026-09-09 13:00:00,294776.86841876846
2026-09-09 14:00:00,293121.635233452
2026-09-09 15:00:00,292339.46297435585
2026-09-09 16:00:00,291629.7328809038
2026-09-09 17:00:00,292114.86645376973
2026-09-09 18:00:00,291989.98371532734
2026-09-09 19:00:00,290980.7631337387
2026-09-09 20:00:00,290175.42781398946
2026-09-09 21:00:00,290311.1633003785
2026-09-09 22:00:00,289664.49945418036
2026-09-09 23:00:00,288849.56797021313
2026-09-10 00:00:00,290343.41671897675
2026-09-10 01:00:00,289997.7988533569
2026-09-10 02:00:00,289399.4836761466
2026-09-10 03:00:00,290434.25587175944
2026-09-10 04:00:00,290385.5020755033
2026-09-10 05:00:00,290665.486916808
2026-09-10 06:00:00,291001.49824055575
2026-09-10 07:00:00,290661.81296627154
2026-09-10 08:00:00,289534.1937447243
2026-09-10 09:00:00,289763.619116187
2026-09-10 10:00:00,289279.5148610479
2026-09-10 11:00:00,289143.19166217704
2026-09-10 12:00:00,289423.66153647733
2026-09-10 13:00:00,286354.18316054787
2026-09-10 14:00:00,287426.5438758903
2026-09-10 15:00:00,287709.8562909413
2026-09-10 16:00:00,287156.83227025234
2026-09-10 17:00:00,287180.51670488156
2026-09-10 18:00:00,287826.06523951906
2026-09-10 19:00:00,287590.2447715022
2026-09-10 20:00:00,287430.4527749875
2026-09-10 21:00:00,287779.59937976423
2026-09-10 22:00:00,287183.05869614147
2026-09-10 23:00:00,286285.6840550577
2026-09-11 00:00:00,285271.0572771653
2026-09-11 01:00:00,286213.6543346769
2026-09-11 02:00:00,286693.90403097245
2026-09-11 03:00:00,286330.61321074003
2026-09-11 04:00:00,286670.34239726287
2026-09-11 05:00:00,287324.93977695575
2026-09-11 06:00:00,287610.8318485484
2026-09-11 07:00:00,287794.9316753778
2026-09-11 08:00:00,287623.6839520345
2026-09-11 09:00:00,288226.542622007
2026-09-11 10:00:00,287105.3232428185
2026-09-11 11:00:00,287093.74165906955
2026-09-11 12:00:00,287294.92748573626
2026-09-11 13:00:00,290331.6674167454
2026-09-11 14:00:00,294543.78416843567
2026-09-11 15:00:00,293303.87686806556
2026-09-11 16:00:00,289591.17022249626
2026-09-11 17:00:00,290459.64508873527
2026-09-11 18:00:00,288925.78628546634
2026-09-11 19:00:00,287232.7036633244
2026-09-11 20:00:00,288150.25522612367
2026-09-11 21:00:00,288203.70483839343
2026-09-11 22:00:00,287280.9793603373
2026-09-11 23:00:00,287452.68958667445
2026-09-12 00:00:00,287731.7054192868
2026-09-12 01:00:00,288003.74869966466
2026-09-12 02:00:00,287954.113817368
2026-09-12 03:00:00,287930.0172845897
2026-09-12 04:00:00,287933.0122741192
2026-09-12 05:00:00,287770.0883746525
2026-09-12 06:00:00,287733.5591221029
2026-09-12 07:00:00,288007.0826806203
2026-09-12 08:00:00,287933.2639145295
2026-09-12 09:00:00,288249.76128262235
2026-09-12 10:00:00,288206.137391989
2026-09-12 11:00:00,288152.79288795503
2026-09-12 12:00:00,288240.9495554508
2026-09-12 13:00:00,288155.2323994527
2026-09-12 14:00:00,288265.17351695197
2026-09-12 15:00:00,288634.03029514936
2026-09-12 16:00:00,288340.6486869436
2026-09-12 17:00:00,288273.5803178208
2026-09-12 18:00:00,287693.0387482823
2026-09-12 19:00:00,287433.1134610804
2026-09-12 20:00:00,287396.6675808663
2026-09-12 21:00:00,287541.57545531855
2026-09-12 22:00:00,287888.5171300612
2026-09-12 23:00:00,287787.77617231925
2026-09-13 00:00:00,287948.2127678796
2026-09-13 01:00:00,287936.6544567021
2026-09-13 02:00:00,288102.3530386959
2026-09-13 03:00:00,287993.834283811
2026-09-13 04:00:00,287636.50369453477
2026-09-13 05:00:00,287689.1738504555
2026-09-13 06:00:00,288088.7295371031
2026-09-13 07:00:00,287341.50291899644
2026-09-13 08:00:00,287217.5038171182
2026-09-13 09:00:00,286061.8045070483
2026-09-13 10:00:00,286001.35702331853
2026-09-13 11:00:00,285497.1748464524
2026-09-13 12:00:00,285794.40260291036
2026-09-13 13:00:00,285709.5676630175
2026-09-13 14:00:00,286198.82024841546
2026-09-13 15:00:00,287537.0830591721
2026-09-13 16:00:00,287257.7082461562
2026-09-13 17:00:00,287812.80493373424
2026-09-13 18:00:00,287974.4045286198
2026-09-13 19:00:00,288043.09807450004
2026-09-13 20:00:00,288089.3265957038
2026-09-13 21:00:00,288194.02977248124
2026-09-13 22:00:00,288163.87899245636
2026-09-13 23:00:00,286116.6180806241
2026-09-14 00:00:00,286566.0726228129
2026-09-14 01:00:00,286561.82167861634
2026-09-14 02:00:00,287672.17671132414
2026-09-14 03:00:00,289686.61819908605
2026-09-14 04:00:00,289884.96405289613
2026-09-14 05:00:00,290336.68592259905
2026-09-14 06:00:00,289992.49586558854
2026-09-14 07:00:00,290637.31319495616
2026-09-14 08:00:00,292109.25205500383
2026-09-14 09:00:00,292166.75412710675
2026-09-14 10:00:00,293733.81691008166
2026-09-14 11:00:00,293004.6162957256
2026-09-14 12:00:00,292208.76685819984
2026-09-14 13:00:00,292460.13149972016
2026-09-14 14:00:00,294720.806847275
2026-09-14 15:00:00,295782.5196141735
2026-09-14 16:00:00,295353.44083412696
2026-09-14 17:00:00,295595.53088050854
2026-09-14 18:00:00,296369.67889958655
2026-09-14 19:00:00,297395.3832404778
2026-09-14 20:00:00,296878.16453214176
2026-09-14 21:00:00,297260.36225767864
2026-09-14 22:00:00,295899.60286094405
2026-09-14 23:00:00,295099.7941935225
2026-09-15 00:00:00,293799.454469522
2026-09-15 01:00:00,293108.41945969005
2026-09-15 02:00:00,293168.0078655877
2026-09-15 03:00:00,292968.22157551534
2026-09-15 04:00:00,292235.65024031594
2026-09-15 05:00:00,291872.2629312629
2026-09-15 06:00:00,292240.0339445054
2026-09-15 07:00:00,290925.8164899034
2026-09-15 08:00:00,289440.78084302536
2026-09-15 09:00:00,289749.6769894037
2026-09-15 10:00:00,289495.35239215667
2026-09-15 11:00:00,289758.71134419134
2026-09-15 12:00:00,289162.5994376438
2026-09-15 13:00:00,289064.1125071853
2026-09-15 14:00:00,287758.7792408869
2026-09-15 15:00:00,285511.0721135325
2026-09-15 16:00:00,287727.6795046834
2026-09-15 17:00:00,287210.5926486452
2026-09-15 18:00:00,289471.02021451946
2026-09-15 19:00:00,285762.71720009856
2026-09-15 20:00:00,286399.9630274537
2026-09-15 21:00:00,285500.8849732386
2026-09-15 22:00:00,283582.0415190823
2026-09-15 23:00:00,284630.1294260354
2026-09-16 00:00:00,284445.0326169301
2026-09-16 01:00:00,285008.83748642047
2026-09-16 02:00:00,284094.2964520214
2026-09-16 03:00:00,285322.7032461796
2026-09-16 04:00:00,285044.4451447321
2026-09-16 05:00:00,285058.590712553
2026-09-16 06:00:00,285274.4857816829
2026-09-16 07:00:00,285626.56729994086
2026-09-16 08:00:00,284687.4424142503
2026-09-16 09:00:00,284841.2539379094
2026-09-16 10:00:00,285990.35124316934
2026-09-16 11:00:00,285908.0899406512
2026-09-16 12:00:00,287169.05462629325
2026-09-16 13:00:00,286085.1252505294
2026-09-16 14:00:00,285524.86949268123
2026-09-16 15:00:00,285626.13159547356
2026-09-16 16:00:00,286128.44395726983
2026-09-16 17:00:00,286059.409374306
2026-09-16 18:00:00,285757.54353705404
2026-09-16 19:00:00,288086.79739109916
2026-09-16 20:00:00,289027.9118266435
2026-09-16 21:00:00,289556.89244431816
2026-09-16 22:00:00,288977.018384401
2026-09-16 23:00:00,287730.2490911706
2026-09-17 00:00:00,289661.10360463633
2026-09-17 01:00:00,290622.986477803
2026-09-17 02:00:00,290759.34232920926
2026-09-17 03:00:00,290777.99456026
2026-09-17 04:00:00,290796.20854729007
2026-09-17 05:00:00,290968.5915677066
2026-09-17 06:00:00,290111.8066878824
2026-09-17 07:00:00,290169.58430644165
2026-09-17 08:00:00,290451.9261979707
2026-09-17 09:00:00,290951.2392367009
2026-09-17 10:00:00,290583.71209172206
2026-09-17 11:00:00,290060.96578507224
2026-09-17 12:00:00,290237.97288439906
2026-09-17 13:00:00,290725.28313872643
2026-09-17 14:00:00,290514.42622278276
2026-09-17 15:00:00,289972.53714513243
2026-09-17 16:00:00,291264.90273689496
2026-09-17 17:00:00,291224.5648407048
2026-09-17 18:00:00,290805.96551904414
2026-09-17 19:00:00,290550.29957799753
2026-09-17 20:00:00,290499.776091536
2026-09-17 21:00:00,290461.6212867624
2026-09-17 22:00:00,289900.37542986893
2026-09-17 23:00:00,289888.1985531231
2026-09-18 00:00:00,289976.8671994334
2026-09-18 01:00:00,290423.0013766533
2026-09-18 02:00:00,290936.4053632412
2026-09-18 03:00:00,291923.35028931004
2026-09-18 04:00:00,293091.9471986366
2026-09-18 05:00:00,293769.6292899787
2026-09-18 06:00:00,293817.0147954162
2026-09-18 07:00:00,294005.3887446339
2026-09-18 08:00:00,294867.60672765825
2026-09-18 09:00:00,297078.29559276305
2026-09-18 10:00:00,296808.70804269874
2026-09-18 11:00:00,297389.5998268013
2026-09-18 12:00:00,296888.87687380525
2026-09-18 13:00:00,296624.3914754376
2026-09-18 14:00:00,304746.91608882305
2026-09-18 15:00:00,308034.60218260536
2026-09-18 16:00:00,307113.25940913515
2026-09-18 17:00:00,307212.50046450837
2026-09-18 18:00:00,307511.0357697428
2026-09-18 19:00:00,307355.1238731775
2026-09-18 20:00:00,308229.5229934092
2026-09-18 21:00:00,308144.8399983154
2026-09-18 22:00:00,308592.3790924685
2026-09-18 23:00:00,308177.7016630677
2026-09-19 00:00:00,307225.9633220802
2026-09-19 01:00:00,310006.78623666277
2026-09-19 02:00:00,308694.82845242904
2026-09-19 03:00:00,308752.9828668468
2026-09-19 04:00:00,308126.2852275468
2026-09-19 05:00:00,307679.1063761121
2026-09-19 06:00:00,307799.94991599646
2026-09-19 07:00:00,307805.9974150126
2026-09-19 08:00:00,307974.6331640119
2026-09-19 09:00:00,308684.66071206453
2026-09-19 10:00:00,308743.76127474837
2026-09-19 11:00:00,308371.646559871
2026-09-19 12:00:00,308650.1603946206
2026-09-19 13:00:00,308754.23289826664
2026-09-19 14:00:00,308830.6947613336
2026-09-19 15:00:00,309664.64822163404
2026-09-19 16:00:00,309940.5608014829
2026-09-19 17:00:00,310704.0017811376
2026-09-19 18:00:00,309315.7782247989
2026-09-19 19:00:00,309146.59941016923
2026-09-19 20:00:00,308821.7362018547
2026-09-19 21:00:00,308008.3207316921
2026-09-19 22:00:00,307893.5587348353
2026-09-19 23:00:00,308460.86225236696
2026-09-20 00:00:00,308498.2060554008
2026-09-20 01:00:00,308616.2637527929
2026-09-20 02:00:00,307836.1426738226
2026-09-20 03:00:00,304850.4588550124
2026-09-20 04:00:00,305537.84271011373
2026-09-20 05:00:00,305317.3035158193
2026-09-20 06:00:00,305566.60465568054
2026-09-20 07:00:00,304862.8249541989
2026-09-20 08:00:00,304892.0567230235
2026-09-20 09:00:00,304680.2031864299
2026-09-20 10:00:00,305477.0252451021
2026-09-20 11:00:00,304910.17973164166
2026-09-20 12:00:00,305492.23259263334
2026-09-20 13:00:00,305514.31708409404
2026-09-20 14:00:00,305821.2721188154
2026-09-20 15:00:00,306280.69375936466
2026-09-20 16:00:00,307198.2117906835
2026-09-20 17:00:00,308741.029838828
2026-09-20 18:00:00,308061.10251680715
2026-09-20 19:00:00,307764.17627448123
2026-09-20 20:00:00,308481.46474324
2026-09-20 21:00:00,308056.9914377042
2026-09-20 22:00:00,307627.47546258
2026-09-20 23:00:00,308735.2135229596
2026-09-21 00:00:00,308566.03506362316
2026-09-21 01:00:00,310170.607899842
2026-09-21 02:00:00,307719.4011773265
2026-09-21 03:00:00,309094.43081688264
2026-09-21 04:00:00,309494.7439399337
2026-09-21 05:00:00,309380.6417637101
2026-09-21 06:00:00,309943.6344322794
2026-09-21 07:00:00,310177.2764342458
2026-09-21 08:00:00,310411.6513211999
2026-09-21 09:00:00,317603.0429161325
2026-09-21 10:00:00,320899.8739688512
2026-09-21 11:00:00,320064.3720573568
2026-09-21 12:00:00,321403.572488817
2026-09-21 13:00:00,323136.06933837
2026-09-21 14:00:00,324127.6243636176
2026-09-21 15:00:00,325159.3874015724
2026-09-21 16:00:00,325699.88651780057
2026-09-21 17:00:00,325786.50114083383
2026-09-21 18:00:00,325445.5943778605
2026-09-21 19:00:00,326195.6748995576
2026-09-21 20:00:00,327994.0628570568
2026-09-21 21:00:00,329683.40206905623
2026-09-21 22:00:00,328145.26126093173
2026-09-21 23:00:00,327578.96183137613
2026-09-22 00:00:00,328260.96352798614
2026-09-22 01:00:00,325523.0187472362
2026-09-22 02:00:00,324521.0211415395
2026-09-22 03:00:00,324738.2973458185
2026-09-22 04:00:00,324451.48224564525
2026-09-22 05:00:00,323515.93547958334
2026-09-22 06:00:00,323559.6469498574
2026-09-22 07:00:00,323716.1055838769
2026-09-22 08:00:00,324308.50616660115
2026-09-22 09:00:00,326962.1658647838
2026-09-22 10:00:00,326745.821142227
2026-09-22 11:00:00,325528.9703587871
2026-09-22 12:00:00,325995.6587382133
2026-09-22 13:00:00,326457.6689998554
2026-09-22 14:00:00,327853.94376780634
2026-09-22 15:00:00,327952.46978614724
2026-09-22 16:00:00,328898.8238154021
2026-09-22 17:00:00,328567.8380990207
2026-09-22 18:00:00,329205.9684217593
2026-09-22 19:00:00,328775.8897210459
2026-09-22 20:00:00,327589.29753031535
2026-09-22 21:00:00,327689.64993307507
2026-09-22 22:00:00,327325.4526920955
2026-09-22 23:00:00,327209.11476278544
2026-09-23 00:00:00,327423.00447579345
2026-09-23 01:00:00,328394.83453109686
2026-09-23 02:00:00,328356.96327163104
2026-09-23 03:00:00,329127.40942107537
2026-09-23 04:00:00,329931.9414332394
2026-09-23 05:00:00,331772.8442427954
2026-09-23 06:00:00,329078.4955306456
2026-09-23 07:00:00,329138.5031569007
2026-09-23 08:00:00,328307.64640285575
2026-09-23 09:00:00,327987.49512488564
2026-09-23 10:00:00,328555.5990972878
2026-09-23 11:00:00,328695.6449412961
2026-09-23 12:00:00,328460.93811003753
2026-09-23 13:00:00,327680.46987268934
2026-09-23 14:00:00,329678.3232238961
2026-09-23 15:00:00,324404.41113331355
2026-09-23 16:00:00,321866.3865252971
2026-09-23 17:00:00,323676.6414850031
2026-09-23 18:00:00,323856.31471325975
2026-09-23 19:00:00,324114.14263017575
2026-09-23 20:00:00,324753.33391902474
2026-09-23 21:00:00,323792.812082624
2026-09-23 22:00:00,324616.86889972765
2026-09-23 23:00:00,325086.84058428643
2026-09-24 00:00:00,324557.8308066903
2026-09-24 01:00:00,324713.5648436131
2026-09-24 02:00:00,323751.5397474795
2026-09-24 03:00:00,324364.03342306445
2026-09-24 04:00:00,322941.4948818996
2026-09-24 05:00:00,323138.7615682677
2026-09-24 06:00:00,323261.80275961966
2026-09-24 07:00:00,324201.75149333256
2026-09-24 08:00:00,326249.2359817452
2026-09-24 09:00:00,322581.2893647523
2026-09-24 10:00:00,321062.65567983687
2026-09-24 11:00:00,321787.4008076988
2026-09-24 12:00:00,321554.54273888486
2026-09-24 13:00:00,321339.14232456073
2026-09-24 14:00:00,323692.44018996967
2026-09-24 15:00:00,321891.5648606326
2026-09-24 16:00:00,325395.02296907414
2026-09-24 17:00:00,324750.16825731023
2026-09-24 18:00:00,323997.43091249774
2026-09-24 19:00:00,325298.061461342
2026-09-24 20:00:00,324911.7348252593
2026-09-24 21:00:00,324830.37012715155
2026-09-24 22:00:00,324757.6705870295
2026-09-24 23:00:00,324491.23862878006
2026-09-25 00:00:00,325156.98555294774
2026-09-25 01:00:00,325916.1990356751
2026-09-25 02:00:00,325815.9707044441
2026-09-25 03:00:00,324375.14129201125
2026-09-25 04:00:00,324465.79704686586
2026-09-25 05:00:00,324298.7882748098
2026-09-25 06:00:00,324025.1670812496
2026-09-25 07:00:00,322784.1015872601
2026-09-25 08:00:00,323034.9443827414
2026-09-25 09:00:00,324119.6679889456
2026-09-25 10:00:00,324817.1971437522
2026-09-25 11:00:00,325016.7540969792
2026-09-25 12:00:00,324278.5522113532
2026-09-25 13:00:00,323827.2266322484
2026-09-25 14:00:00,321913.58531669615
2026-09-25 15:00:00,322348.77953417745
2026-09-25 16:00:00,321420.9302893094
2026-09-25 17:00:00,321444.34948844055
2026-09-25 18:00:00,321545.5771376438
2026-09-25 19:00:00,322044.42807403667
2026-09-25 20:00:00,322325.3721515725
2026-09-25 21:00:00,321829.62731451524
2026-09-25 22:00:00,321693.5056739801
2026-09-25 23:00:00,322767.43003715324
2026-09-26 00:00:00,322791.3942512213
2026-09-26 01:00:00,322089.9500679964
2026-09-26 02:00:00,322744.3986434566
2026-09-26 03:00:00,322514.8338789885
2026-09-26 04:00:00,322220.852731903
2026-09-26 05:00:00,322377.7804904103
2026-09-26 06:00:00,322156.9157664654
2026-09-26 07:00:00,322073.01889235736
2026-09-26 08:00:00,322887.16307091125
2026-09-26 09:00:00,323248.3644573892
2026-09-26 10:00:00,322468.19263953634
2026-09-26 11:00:00,323126.9292262804
2026-09-26 12:00:00,323110.71940578
2026-09-26 13:00:00,322648.06159324787
2026-09-26 14:00:00,322232.53891803353
2026-09-26 15:00:00,322529.5163010728
2026-09-26 16:00:00,323017.6102163535
2026-09-26 17:00:00,322885.8256906772
2026-09-26 18:00:00,322939.38167847705
2026-09-26 19:00:00,322446.61177892936
2026-09-26 20:00:00,322497.8320096308
2026-09-26 21:00:00,322549.815614122
2026-09-26 22:00:00,323044.4172650607
2026-09-26 23:00:00,323499.1160445717
2026-09-27 00:00:00,324100.58732876705
2026-09-27 01:00:00,323619.1541969123
2026-09-27 02:00:00,324340.0890858429
2026-09-27 03:00:00,324164.1029442063
2026-09-27 04:00:00,323965.81901041535
2026-09-27 05:00:00,323691.61573370144
2026-09-27 06:00:00,324281.3052464244
2026-09-27 07:00:00,324379.6302172093
2026-09-27 08:00:00,325368.94881721016
2026-09-27 09:00:00,325476.75139817334
2026-09-27 10:00:00,326006.84444678813
2026-09-27 11:00:00,325733.3383899949
2026-09-27 12:00:00,325864.13576307177
2026-09-27 13:00:00,325496.47255808476
2026-09-27 14:00:00,326336.30904208345
2026-09-27 15:00:00,324544.967343053
2026-09-27 16:00:00,324201.4814778524
2026-09-27 17:00:00,324038.5318452452
2026-09-27 18:00:00,324609.18487496325
2026-09-27 19:00:00,325566.76672905794
2026-09-27 20:00:00,325254.47979430086
2026-09-27 21:00:00,324800.1204700329
2026-09-27 22:00:00,325265.1914986565
2026-09-27 23:00:00,323481.2338856573
2026-09-28 00:00:00,324532.7466389198
2026-09-28 01:00:00,323219.79217233986
2026-09-28 02:00:00,321362.6305490292
2026-09-28 03:00:00,320256.5938184209
2026-09-28 04:00:00,319980.91102387
2026-09-28 05:00:00,320663.71204997227
2026-09-28 06:00:00,319537.41621998994
2026-09-28 07:00:00,319782.790788153
2026-09-28 08:00:00,318747.49894427566
2026-09-28 09:00:00,319188.140292876
2026-09-28 10:00:00,318077.2116879896
2026-09-28 11:00:00,319320.1891371942
2026-09-28 12:00:00,319303.2149331132
2026-09-28 13:00:00,321140.72840217303
2026-09-28 14:00:00,321220.6217072392
2026-09-28 15:00:00,319331.0534643148
2026-09-28 16:00:00,320674.8689055566
2026-09-28 17:00:00,321422.73604940524
2026-09-28 18:00:00,321961.7197145506
2026-09-28 19:00:00,322850.3766479314
2026-09-28 20:00:00,320498.9097042952
2026-09-28 21:00:00,320939.94223899633
2026-09-28 22:00:00,319743.74553961615
2026-09-28 23:00:00,320935.9138850137
2026-09-29 00:00:00,320834.0651236946
2026-09-29 01:00:00,319780.7623906625
2026-09-29 02:00:00,319330.84033827117
2026-09-29 03:00:00,318896.53783712466
2026-09-29 04:00:00,319519.61600060534
2026-09-29 05:00:00,320065.96334294596
2026-09-29 06:00:00,321234.16511948634
2026-09-29 07:00:00,323093.8834684549
2026-09-29 08:00:00,323587.95264503494
2026-09-29 09:00:00,323125.68962551554
2026-09-29 10:00:00,324965.325602371
2026-09-29 11:00:00,323203.232422149
2026-09-29 12:00:00,324251.8538019548
2026-09-29 13:00:00,324624.5924202845
2026-09-29 14:00:00,324388.76900861826
2026-09-29 15:00:00,322848.302702548
2026-09-29 16:00:00,320487.4645938915
2026-09-29 17:00:00,320931.9675423593
2026-09-29 18:00:00,321036.04478694405
2026-09-29 19:00:00,322145.29218036827
2026-09-29 20:00:00,322074.0023748352
2026-09-29 21:00:00,322109.9720596945
2026-09-29 22:00:00,321499.39183633844
2026-09-29 23:00:00,322040.84740125947
2026-09-30 00:00:00,322210.9454013662
2026-09-30 01:00:00,321256.8818645702
2026-09-30 02:00:00,321518.7012221453
2026-09-30 03:00:00,321220.46833196864
2026-09-30 04:00:00,320999.59010423603
2026-09-30 05:00:00,320723.81194128754
2026-09-30 06:00:00,320899.67774366675
2026-09-30 07:00:00,319322.71018030413
2026-09-30 08:00:00,320180.28403224825
2026-09-30 09:00:00,319268.7446466257
2026-09-30 10:00:00,321616.9172475844
2026-09-30 11:00:00,322566.38849483384
2026-09-30 12:00:00,322713.8642850071
2026-09-30 13:00:00,327579.84357444994
2026-09-30 14:00:00,324976.51062233106
2026-09-30 15:00:00,321691.605235346
2026-09-30 16:00:00,323516.63072698505
2026-09-30 17:00:00,324386.79897555476
2026-09-30 18:00:00,323322.125531895
2026-09-30 19:00:00,323241.94280852505
2026-09-30 20:00:00,321911.4855718759
2026-09-30 21:00:00,322128.8840724922
2026-09-30 22:00:00,322371.15273219574
2026-09-30 23:00:00,322102.69991839986
2026-10-01 00:00:00,321924.73988694866
2026-10-01 01:00:00,321341.2335001922
2026-10-01 02:00:00,321518.6145104351
2026-10-01 03:00:00,321416.77433588944
2026-10-01 04:00:00,322367.81709508726
2026-10-01 05:00:00,323906.9469807641
2026-10-01 06:00:00,324791.6108641055
2026-10-01 07:00:00,324221.5991579301
2026-10-01 08:00:00,322879.3815613729
2026-10-01 09:00:00,323901.5426018206
2026-10-01 10:00:00,325218.72013226367
2026-10-01 11:00:00,324876.03383719455
2026-10-01 12:00:00,324561.7764350231
2026-10-01 13:00:00,324523.10637790995
2026-10-01 14:00:00,324689.261905601
2026-10-01 15:00:00,326335.097221206
2026-10-01 16:00:00,327695.1612936075
2026-10-01 17:00:00,327923.56271356856
2026-10-01 18:00:00,330551.0897201419
2026-10-01 19:00:00,330175.863992397
2026-10-01 20:00:00,329475.4084293865
2026-10-01 21:00:00,329373.39131077623
2026-10-01 22:00:00,329148.1711664492
2026-10-01 23:00:00,329649.5142457602
2026-10-02 00:00:00,330177.2099676572
2026-10-02 01:00:00,330263.9635919832
2026-10-02 02:00:00,330652.4146059505
2026-10-02 03:00:00,331449.31323289115
2026-10-02 04:00:00,332561.8377905192
2026-10-02 05:00:00,336867.2744195882
2026-10-02 06:00:00,334442.19240337255
2026-10-02 07:00:00,334034.67338488076
2026-10-02 08:00:00,334353.24542708177
2026-10-02 09:00:00,335159.1841306546
2026-10-02 10:00:00,335851.614703195
2026-10-02 11:00:00,336097.8733859248
2026-10-02 12:00:00,336662.4886901801
2026-10-02 13:00:00,337095.162580188
2026-10-02 14:00:00,335723.65272854234
2026-10-02 15:00:00,332782.8411995805
2026-10-02 16:00:00,331838.3923028475
2026-10-02 17:00:00,331663.82442350575
2026-10-02 18:00:00,330281.4531761086
2026-10-02 19:00:00,328438.67404689285
2026-10-02 20:00:00,328286.41908910486
2026-10-02 21:00:00,329030.659260522
2026-10-02 22:00:00,329237.1154638161
2026-10-02 23:00:00,329358.66113927093
2026-10-03 00:00:00,329214.63983954274
2026-10-03 01:00:00,329748.08422144473
2026-10-03 02:00:00,329669.9000982653
2026-10-03 03:00:00,329536.1337931338
2026-10-03 04:00:00,329908.9876338029
2026-10-03 05:00:00,329451.01555499027
2026-10-03 06:00:00,329704.63841708633
2026-10-03 07:00:00,329416.07293016993
2026-10-03 08:00:00,329393.5519099853
2026-10-03 09:00:00,329611.053884358
2026-10-03 10:00:00,329503.78244725073
2026-10-03 11:00:00,329669.99764801905
2026-10-03 12:00:00,329810.7228754084
2026-10-03 13:00:00,330658.74433364865
2026-10-03 14:00:00,330581.4135284909
2026-10-03 15:00:00,330467.4561407523
2026-10-03 16:00:00,330554.3230093206
2026-10-03 17:00:00,330574.4265125124
2026-10-03 18:00:00,331121.082425403
2026-10-03 19:00:00,330883.2701391127
2026-10-03 20:00:00,330473.1345627891
2026-10-03 21:00:00,330113.8767508566
2026-10-03 22:00:00,329979.353429646
2026-10-03 23:00:00,330224.2447641266
2026-10-04 00:00:00,330135.2694311707
2026-10-04 01:00:00,330260.51648245857
2026-10-04 02:00:00,330322.81928453554
2026-10-04 03:00:00,330323.6438074519
2026-10-04 04:00:00,330467.067201185
2026-10-04 05:00:00,330365.712567189
2026-10-04 06:00:00,330746.50990602805
2026-10-04 07:00:00,331209.94977272715
2026-10-04 08:00:00,330784.08616656275
2026-10-04 09:00:00,330784.981282773
2026-10-04 10:00:00,331308.3638835406
2026-10-04 11:00:00,331417.2974194918
2026-10-04 12:00:00,331560.899027206
2026-10-04 13:00:00,330888.16693030286
2026-10-04 14:00:00,331316.69764745375
2026-10-04 15:00:00,331452.3200167589
2026-10-04 16:00:00,331423.3122927897
2026-10-04 17:00:00,331818.82746759045
2026-10-04 18:00:00,331608.0893214064
2026-10-04 19:00:00,332375.8926355919
2026-10-04 20:00:00,332722.0749903021
2026-10-04 21:00:00,334022.48711877223
2026-10-04 22:00:00,334444.636134734
2026-10-04 23:00:00,336557.12371680845
2026-10-05 00:00:00,337019.4468054906
2026-10-05 01:00:00,337858.2977458848
2026-10-05 02:00:00,338139.8839430451
2026-10-05 03:00:00,339583.02700139076
2026-10-05 04:00:00,338180.5718768461
2026-10-05 05:00:00,335588.3357032877
2026-10-05 06:00:00,336282.3024471249
2026-10-05 07:00:00,338043.374768699
2026-10-05 08:00:00,337704.90896413097
2026-10-05 09:00:00,337202.7239404814
2026-10-05 10:00:00,336189.2085111664
2026-10-05 11:00:00,336805.1383493703
2026-10-05 12:00:00,336839.57952796476
2026-10-05 13:00:00,335509.6609545186
2026-10-05 14:00:00,338066.7502719283
2026-10-05 15:00:00,334818.7818179888
2026-10-05 16:00:00,333197.49564186507
2026-10-05 17:00:00,333671.27663371316
2026-10-05 18:00:00,333922.8679812332
2026-10-05 19:00:00,334629.25139268383
2026-10-05 20:00:00,334814.4001404404
2026-10-05 21:00:00,334947.27908865403
2026-10-05 22:00:00,335618.4109667691
2026-10-05 23:00:00,335598.24877958925
2026-10-06 00:00:00,335071.9748899731
2026-10-06 01:00:00,335365.8622846562
2026-10-06 02:00:00,334380.30789845553
2026-10-06 03:00:00,334146.7305876699
2026-10-06 04:00:00,333774.3018729379
2026-10-06 05:00:00,334284.4740156198
2026-10-06 06:00:00,333955.0627720499
2026-10-06 07:00:00,333186.3061811072
2026-10-06 08:00:00,332858.37205813586
2026-10-06 09:00:00,334267.2665244883
2026-10-06 10:00:00,334155.0932902596
2026-10-06 11:00:00,334726.78856027446
2026-10-06 12:00:00,334185.75107492664
2026-10-06 13:00:00,334274.0204069371
2026-10-06 14:00:00,335135.0063134567
2026-10-06 15:00:00,336264.9933954863
2026-10-06 16:00:00,332899.0962743688
2026-10-06 17:00:00,332427.58493026206
2026-10-06 18:00:00,332654.0486521135
2026-10-06 19:00:00,331895.1809227123
2026-10-06 20:00:00,332450.056225839
2026-10-06 21:00:00,332421.59054077795
2026-10-06 22:00:00,332263.62495375174
2026-10-06 23:00:00,332050.2035535036
2026-10-07 00:00:00,332264.21586862777
2026-10-07 01:00:00,332444.99530680105
2026-10-07 02:00:00,328827.16793651425
2026-10-07 03:00:00,326325.18517653685
2026-10-07 04:00:00,327387.3473506115
2026-10-07 05:00:00,327326.2069197701
2026-10-07 06:00:00,328456.06141744135
2026-10-07 07:00:00,328232.59211144946
2026-10-07 08:00:00,328961.7421960993
2026-10-07 09:00:00,328352.6301718566
2026-10-07 10:00:00,327946.2445045956
2026-10-07 11:00:00,327933.93548245565
2026-10-07 12:00:00,327963.5907470914
2026-10-07 13:00:00,327274.0464378213
2026-10-07 14:00:00,325682.66498187266
2026-10-07 15:00:00,324549.04003931605
2026-10-07 16:00:00,326514.4898788446
2026-10-07 17:00:00,326093.51401009
2026-10-07 18:00:00,324956.20967524155
2026-10-07 19:00:00,325896.4139211227
2026-10-07 20:00:00,326107.58956752974
2026-10-07 21:00:00,326106.3086829041
2026-10-07 23:07:10,325191.384126523
