date,btc_pln
2026-09-08,293186.6586105448
2026-09-09,290976.039641631
2026-09-10,290343.41671897675
2026-09-11,285271.0572771653
2026-09-12,287731.7054192868
2026-09-13,287948.2127678796
2026-09-14,286566.0726228129
2026-09-15,293799.454469522
2026-09-16,284445.0326169301
2026-09-17,289661.10360463633
2026-09-18,289976.8671994334
2026-09-19,307225.9633220802
2026-09-20,308498.2060554008
2026-09-21,308566.03506362316
2026-09-22,328260.96352798614
2026-09-23,327423.00447579345
2026-09-24,324557.8308066903
2026-09-25,325156.98555294774
2026-09-26,322791.3942512213
2026-09-27,324100.58732876705
2026-09-28,324532.7466389198
2026-09-29,320834.0651236946
2026-09-30,322210.9454013662
2026-10-01,321924.73988694866
2026-10-02,330177.2099676572
2026-10-03,329214.63983954274
2026-10-04,330135.2694311707
2026-10-05,337019.4468054906
2026-10-06,335071.9748899731
2026-10-07,332264.21586862777
2026-10-07,323015.6101987878
