Date,Ticker,Close
2024-01-02,AAPL,183.4040069580078
2024-01-03,AAPL,182.03074645996094
2024-01-04,AAPL,179.7189483642578
2024-01-05,AAPL,178.99774169921875
2024-01-08,AAPL,183.32496643066406
2024-01-09,AAPL,182.91001892089844
2024-01-10,AAPL,183.94740295410156
2024-01-11,AAPL,183.35459899902344
2024-01-12,AAPL,183.68064880371094
2024-01-16,AAPL,181.418212890625
2024-01-17,AAPL,180.47964477539062
2024-01-18,AAPL,186.35801696777344
2024-01-19,AAPL,189.25274658203125
2024-01-22,AAPL,191.5546417236328
2024-01-23,AAPL,192.8291015625
2024-01-24,AAPL,192.1573028564453
2024-01-25,AAPL,191.83126831054688
2024-01-26,AAPL,190.102294921875
2024-01-29,AAPL,189.420654296875
2024-01-30,AAPL,185.77508544921875
2024-01-31,AAPL,182.17892456054688
2024-02-01,AAPL,184.6092987060547
2024-02-02,AAPL,183.61148071289062
2024-02-05,AAPL,185.41943359375
2024-02-06,AAPL,187.0199432373047
2024-02-07,AAPL,187.12860107421875
2024-02-08,AAPL,186.05174255371094
2024-02-09,AAPL,186.8134307861328
2024-02-12,AAPL,185.13174438476562
2024-02-13,AAPL,183.0444793701172
2024-02-14,AAPL,182.1641082763672
2024-02-15,AAPL,181.8772430419922
2024-02-16,AAPL,180.3439483642578
2024-02-20,AAPL,179.60205078125
2024-02-21,AAPL,180.35386657714844
2024-02-22,AAPL,182.38174438476562
2024-02-23,AAPL,180.55169677734375
2024-02-26,AAPL,179.2063446044922
2024-02-27,AAPL,180.66050720214844
2024-02-28,AAPL,179.4635467529297
2024-02-29,AAPL,178.80078125
2024-03-01,AAPL,177.7225341796875
2024-03-04,AAPL,173.21170043945312
2024-03-05,AAPL,168.285400390625
2024-03-06,AAPL,167.29620361328125
2024-03-07,AAPL,167.17747497558594
2024-03-08,AAPL,168.88880920410156
2024-03-11,AAPL,170.8870391845703
2024-03-12,AAPL,171.3618621826172
2024-03-13,AAPL,169.28451538085938
2024-03-14,AAPL,171.13436889648438
2024-03-15,AAPL,170.75845336914062
2024-03-18,AAPL,171.84658813476562
2024-03-19,AAPL,174.18113708496094
2024-03-20,AAPL,176.74319458007812
2024-03-21,AAPL,169.52191162109375
2024-03-22,AAPL,170.422119140625
2024-03-25,AAPL,169.00753784179688
2024-03-26,AAPL,167.87982177734375
2024-03-27,AAPL,171.44100952148438
2024-03-28,AAPL,169.63075256347656
2024-04-01,AAPL,168.19638061523438
2024-04-02,AAPL,167.0192108154297
2024-04-03,AAPL,167.8204803466797
2024-04-04,AAPL,166.99945068359375
2024-04-05,AAPL,167.751220703125
2024-04-08,AAPL,166.6334228515625
2024-04-09,AAPL,167.8402557373047
2024-04-10,AAPL,165.9706268310547
2024-04-11,AAPL,173.15235900878906
2024-04-12,AAPL,174.64608764648438
2024-04-15,AAPL,170.8276824951172
2024-04-16,AAPL,167.55335998535156
2024-04-17,AAPL,166.18826293945312
2024-04-18,AAPL,165.2386016845703
2024-04-19,AAPL,163.22061157226562
2024-04-22,AAPL,164.05157470703125
2024-04-23,AAPL,165.10012817382812
2024-04-24,AAPL,167.19728088378906
2024-04-25,AAPL,168.0579071044922
2024-04-26,AAPL,167.47422790527344
2024-04-29,AAPL,171.62896728515625
2024-04-30,AAPL,168.4931640625
2024-05-01,AAPL,167.47422790527344
2024-05-02,AAPL,171.1640167236328
2024-05-03,AAPL,181.4024200439453
2024-05-06,AAPL,179.75042724609375
2024-05-07,AAPL,180.43299865722656
2024-05-08,AAPL,180.76931762695312
2024-05-09,AAPL,182.57958984375
2024-05-10,AAPL,181.3215789794922
2024-05-13,AAPL,184.5210723876953
2024-05-14,AAPL,185.6602020263672
2024-05-15,AAPL,187.92860412597656
2024-05-16,AAPL,188.0474395751953
2024-05-17,AAPL,188.07716369628906
2024-05-20,AAPL,189.23611450195312
2024-05-21,AAPL,190.5337677001953
2024-05-22,AAPL,189.0974578857422
2024-05-23,AAPL,185.1154022216797
2024-05-24,AAPL,188.1861114501953
2024-05-28,AAPL,188.19606018066406
2024-05-29,AAPL,188.4932098388672
2024-05-30,AAPL,189.4837646484375
2024-05-31,AAPL,190.43472290039062
2024-06-03,AAPL,192.19790649414062
2024-06-04,AAPL,192.51487731933594
2024-06-05,AAPL,194.02052307128906
2024-06-06,AAPL,192.64364624023438
2024-06-07,AAPL,195.0308837890625
2024-06-10,AAPL,191.2965087890625
2024-06-11,AAPL,205.1940155029297
2024-06-12,AAPL,211.05812072753906
2024-06-13,AAPL,212.21705627441406
2024-06-14,AAPL,210.48358154296875
2024-06-17,AAPL,214.62413024902344
2024-06-18,AAPL,212.26658630371094
2024-06-20,AAPL,207.70010375976562
2024-06-21,AAPL,205.5308074951172
2024-06-24,AAPL,206.17469787597656
2024-06-25,AAPL,207.0959014892578
2024-06-26,AAPL,211.23643493652344
2024-06-27,AAPL,212.0784149169922
2024-06-28,AAPL,208.63125610351562
2024-07-01,AAPL,214.703369140625
2024-07-02,AAPL,218.1901397705078
2024-07-03,AAPL,219.4580535888672
2024-07-05,AAPL,224.20281982421875
2024-07-08,AAPL,225.66885375976562
2024-07-09,AAPL,226.52072143554688
2024-07-10,AAPL,230.7801055908203
2024-07-11,AAPL,225.42123413085938
2024-07-12,AAPL,228.36312866210938
2024-07-15,AAPL,232.18670654296875
2024-07-16,AAPL,232.60275268554688
2024-07-17,AAPL,226.71885681152344
2024-07-18,AAPL,222.06321716308594
2024-07-19,AAPL,222.1919708251953
2024-07-22,AAPL,221.8452911376953
2024-07-23,AAPL,222.88536071777344
2024-07-24,AAPL,216.47647094726562
2024-07-25,AAPL,215.43637084960938
2024-07-26,AAPL,215.90196228027344
2024-07-29,AAPL,216.1793212890625
2024-07-30,AAPL,216.7340087890625
2024-07-31,AAPL,219.9830322265625
2024-08-01,AAPL,216.29818725585938
2024-08-02,AAPL,217.78399658203125
2024-08-05,AAPL,207.2939910888672
2024-08-06,AAPL,205.2732696533203
2024-08-07,AAPL,207.83883666992188
2024-08-08,AAPL,211.2958526611328
2024-08-09,AAPL,214.19818115234375
2024-08-12,AAPL,215.7254180908203
2024-08-13,AAPL,219.4344024658203
2024-08-14,AAPL,219.88063049316406
2024-08-15,AAPL,222.8557891845703
2024-08-16,AAPL,224.17474365234375
2024-08-19,AAPL,224.01605224609375
2024-08-20,AAPL,224.63092041015625
2024-08-21,AAPL,224.52183532714844
2024-08-22,AAPL,222.6673583984375
2024-08-23,AAPL,224.9581756591797
2024-08-26,AAPL,225.2953643798828
2024-08-27,AAPL,226.1383056640625
2024-08-28,AAPL,224.611083984375
2024-08-29,AAPL,227.88369750976562
2024-08-30,AAPL,227.1002655029297
2024-09-03,AAPL,220.9219512939453
2024-09-04,AAPL,219.0178985595703
2024-09-05,AAPL,220.53518676757812
2024-09-06,AAPL,218.98809814453125
2024-09-09,AAPL,219.07737731933594
2024-09-10,AAPL,218.28399658203125
2024-09-11,AAPL,220.8128662109375
2024-09-12,AAPL,220.9219512939453
2024-09-13,AAPL,220.6541748046875
2024-09-16,AAPL,214.52545166015625
2024-09-17,AAPL,214.99154663085938
2024-09-18,AAPL,218.8592071533203
2024-09-19,AAPL,226.97132873535156
2024-09-20,AAPL,226.30690002441406
2024-09-23,AAPL,224.5912628173828
2024-09-24,AAPL,225.4837646484375
2024-09-25,AAPL,224.4920654296875
2024-09-26,AAPL,225.63255310058594
2024-09-27,AAPL,225.90029907226562
2024-09-30,AAPL,231.06707763671875
2024-10-01,AAPL,224.33340454101562
2024-10-02,AAPL,224.89869689941406
2024-10-03,AAPL,223.79788208007812
2024-10-04,AAPL,224.91848754882812
2024-10-07,AAPL,219.8509063720703
2024-10-08,AAPL,223.8970489501953
2024-10-09,AAPL,227.63580322265625
2024-10-10,AAPL,227.1399383544922
2024-10-11,AAPL,225.66229248046875
2024-10-14,AAPL,229.38119506835938
2024-10-15,AAPL,231.91001892089844
2024-10-16,AAPL,229.85719299316406
2024-10-17,AAPL,230.22412109375
2024-10-18,AAPL,233.05047607421875
2024-10-21,AAPL,234.51820373535156
2024-10-22,AAPL,233.90335083007812
2024-10-23,AAPL,228.8456268310547
2024-10-24,AAPL,228.65725708007812
2024-10-25,AAPL,229.49029541015625
2024-10-28,AAPL,231.46376037597656
2024-10-29,AAPL,231.73150634765625
2024-10-30,AAPL,228.19114685058594
2024-10-31,AAPL,224.03590393066406
2024-01-02,GOOGL,136.86761474609375
2024-01-03,GOOGL,137.6105499267578
2024-01-04,GOOGL,135.10438537597656
2024-01-05,GOOGL,134.45059204101562
2024-01-08,GOOGL,137.5312957763672
2024-01-09,GOOGL,139.62139892578125
2024-01-10,GOOGL,140.93887329101562
2024-01-11,GOOGL,140.7407684326172
2024-01-12,GOOGL,141.30538940429688
2024-01-16,GOOGL,141.1468963623047
2024-01-17,GOOGL,140.13650512695312
2024-01-18,GOOGL,142.1275634765625
2024-01-19,GOOGL,145.00022888183594
2024-01-22,GOOGL,144.61390686035156
2024-01-23,GOOGL,145.6539764404297
2024-01-24,GOOGL,147.2983856201172
2024-01-25,GOOGL,150.43846130371094
2024-01-26,GOOGL,150.7554473876953
2024-01-29,GOOGL,152.06300354003906
2024-01-30,GOOGL,150.03233337402344
2024-01-31,GOOGL,138.77943420410156
2024-02-01,GOOGL,139.82943725585938
2024-02-02,GOOGL,141.0379180908203
2024-02-05,GOOGL,142.32568359375
2024-02-06,GOOGL,142.74169921875
2024-02-07,GOOGL,144.16812133789062
2024-02-08,GOOGL,144.53465270996094
2024-02-09,GOOGL,147.5955352783203
2024-02-12,GOOGL,146.13937377929688
2024-02-13,GOOGL,143.77191162109375
2024-02-14,GOOGL,144.5643768310547
2024-02-15,GOOGL,141.42425537109375
2024-02-16,GOOGL,139.19544982910156
2024-02-20,GOOGL,139.789794921875
2024-02-21,GOOGL,141.20632934570312
2024-02-22,GOOGL,142.7318115234375
2024-02-23,GOOGL,142.60305786132812
2024-02-26,GOOGL,136.27325439453125
2024-02-27,GOOGL,137.57093811035156
2024-02-28,GOOGL,135.09449768066406
2024-02-29,GOOGL,137.1548614501953
2024-03-01,GOOGL,135.84732055664062
2024-03-04,GOOGL,132.09303283691406
2024-03-05,GOOGL,131.41943359375
2024-03-06,GOOGL,130.16139221191406
2024-03-07,GOOGL,133.1133270263672
2024-03-08,GOOGL,134.1336212158203
2024-03-11,GOOGL,136.372314453125
2024-03-12,GOOGL,137.19451904296875
2024-03-13,GOOGL,138.4723358154297
2024-03-14,GOOGL,141.75112915039062
2024-03-15,GOOGL,139.8492431640625
2024-03-18,GOOGL,146.28794860839844
2024-03-19,GOOGL,145.6441192626953
2024-03-20,GOOGL,147.33798217773438
2024-03-21,GOOGL,146.2086944580078
2024-03-22,GOOGL,149.34884643554688
2024-03-25,GOOGL,148.6554412841797
2024-03-26,GOOGL,149.24977111816406
2024-03-27,GOOGL,149.44789123535156
2024-03-28,GOOGL,149.50732421875
2024-04-01,GOOGL,154.0243377685547
2024-04-02,GOOGL,153.10313415527344
2024-04-03,GOOGL,153.4597625732422
2024-04-04,GOOGL,149.11111450195312
2024-04-05,GOOGL,151.0625457763672
2024-04-08,GOOGL,153.39039611816406
2024-04-09,GOOGL,155.1239013671875
2024-04-10,GOOGL,154.668212890625
2024-04-11,GOOGL,157.9074249267578
2024-04-12,GOOGL,156.2432098388672
2024-04-15,GOOGL,153.4002685546875
2024-04-16,GOOGL,152.9446258544922
2024-04-17,GOOGL,154.0045623779297
2024-04-18,GOOGL,154.53944396972656
2024-04-19,GOOGL,152.63755798339844
2024-04-22,GOOGL,154.806884765625
2024-04-23,GOOGL,156.7682342529297
2024-04-24,GOOGL,157.63006591796875
2024-04-25,GOOGL,154.52955627441406
2024-04-26,GOOGL,170.3292236328125
2024-04-29,GOOGL,164.58387756347656
2024-04-30,GOOGL,161.24563598632812
2024-05-01,GOOGL,162.31544494628906
2024-05-02,GOOGL,165.0494384765625
2024-05-03,GOOGL,165.66358947753906
2024-05-06,GOOGL,166.51548767089844
2024-05-07,GOOGL,169.6357879638672
2024-05-08,GOOGL,167.78341674804688
2024-05-09,GOOGL,168.35797119140625
2024-05-10,GOOGL,167.06028747558594
2024-05-13,GOOGL,167.5457000732422
2024-05-14,GOOGL,168.73434448242188
2024-05-15,GOOGL,170.8839569091797
2024-05-16,GOOGL,172.5382080078125
2024-05-17,GOOGL,174.4004669189453
2024-05-20,GOOGL,175.25233459472656
2024-05-21,GOOGL,176.17359924316406
2024-05-22,GOOGL,174.71743774414062
2024-05-23,GOOGL,171.91412353515625
2024-05-24,GOOGL,173.34054565429688
2024-05-28,GOOGL,174.73724365234375
2024-05-29,GOOGL,174.24197387695312
2024-05-30,GOOGL,170.48770141601562
2024-05-31,GOOGL,170.8740234375
2024-06-03,GOOGL,171.53768920898438
2024-06-04,GOOGL,172.15185546875
2024-06-05,GOOGL,173.75657653808594
2024-06-06,GOOGL,175.06414794921875
2024-06-07,GOOGL,172.81556701660156
2024-06-10,GOOGL,173.559326171875
2024-06-11,GOOGL,175.1559600830078
2024-06-12,GOOGL,176.31626892089844
2024-06-13,GOOGL,173.7080841064453
2024-06-14,GOOGL,175.32456970214844
2024-06-17,GOOGL,175.7708282470703
2024-06-18,GOOGL,173.638671875
2024-06-20,GOOGL,174.838623046875
2024-06-21,GOOGL,178.1410369873047
2024-06-24,GOOGL,177.7344207763672
2024-06-25,GOOGL,182.50454711914062
2024-06-26,GOOGL,182.35580444335938
2024-06-27,GOOGL,183.87310791015625
2024-06-28,GOOGL,180.64013671875
2024-07-01,GOOGL,181.47320556640625
2024-07-02,GOOGL,183.70449829101562
2024-07-03,GOOGL,184.2797088623047
2024-07-05,GOOGL,189.0200958251953
2024-07-08,GOOGL,187.46311950683594
2024-07-09,GOOGL,187.4135284423828
2024-07-10,GOOGL,189.5952606201172
2024-07-11,GOOGL,184.03179931640625
2024-07-12,GOOGL,183.53594970703125
2024-07-15,GOOGL,184.9838104248047
2024-07-16,GOOGL,182.39544677734375
2024-07-17,GOOGL,179.5194854736328
2024-07-18,GOOGL,176.2171173095703
2024-07-19,GOOGL,176.18736267089844
2024-07-22,GOOGL,180.16412353515625
2024-07-23,GOOGL,180.2831268310547
2024-07-24,GOOGL,171.19903564453125
2024-07-25,GOOGL,165.89341735839844
2024-07-26,GOOGL,165.61570739746094
2024-07-29,GOOGL,168.12474060058594
2024-07-30,GOOGL,168.87843322753906
2024-07-31,GOOGL,170.1180877685547
2024-08-01,GOOGL,169.3445587158203
2024-08-02,GOOGL,165.27854919433594
2024-08-05,GOOGL,157.92994689941406
2024-08-06,GOOGL,156.97792053222656
2024-08-07,GOOGL,157.62252807617188
2024-08-08,GOOGL,160.6869354248047
2024-08-09,GOOGL,162.3133087158203
2024-08-12,GOOGL,160.94476318359375
2024-08-13,GOOGL,162.79925537109375
2024-08-14,GOOGL,159.0406494140625
2024-08-15,GOOGL,159.9629669189453
2024-08-16,GOOGL,161.60919189453125
2024-08-19,GOOGL,165.28842163085938
2024-08-20,GOOGL,165.7942352294922
2024-08-21,GOOGL,164.47523498535156
2024-08-22,GOOGL,162.4422149658203
2024-08-23,GOOGL,164.24716186523438
2024-08-26,GOOGL,164.7826690673828
2024-08-27,GOOGL,163.31497192382812
2024-08-28,GOOGL,161.5001220703125
2024-08-29,GOOGL,160.43898010253906
2024-08-30,GOOGL,162.02572631835938
2024-09-03,GOOGL,156.0556182861328
2024-09-04,GOOGL,155.15318298339844
2024-09-05,GOOGL,155.93663024902344
2024-09-06,GOOGL,149.66900634765625
2024-09-09,GOOGL,147.67303466796875
2024-09-10,GOOGL,147.6233673095703
2024-09-11,GOOGL,150.10592651367188
2024-09-12,GOOGL,153.611328125
2024-09-13,GOOGL,156.36199951171875
2024-09-16,GOOGL,156.95782470703125
2024-09-17,GOOGL,158.20904541015625
2024-09-18,GOOGL,158.69561767578125
2024-09-19,GOOGL,161.00936889648438
2024-09-20,GOOGL,162.4492645263672
2024-09-23,GOOGL,160.72137451171875
2024-09-24,GOOGL,161.15829467773438
2024-09-25,GOOGL,160.3638916015625
2024-09-26,GOOGL,161.59524536132812
2024-09-27,GOOGL,162.80674743652344
2024-09-30,GOOGL,164.69349670410156
2024-10-01,GOOGL,165.82554626464844
2024-10-02,GOOGL,164.70343017578125
2024-10-03,GOOGL,164.70343017578125
2024-10-04,GOOGL,165.89505004882812
2024-10-07,GOOGL,161.843505859375
2024-10-08,GOOGL,163.23374938964844
2024-10-09,GOOGL,160.73133850097656
2024-10-10,GOOGL,160.9497833251953
2024-10-11,GOOGL,162.10169982910156
2024-10-14,GOOGL,163.80970764160156
2024-10-15,GOOGL,164.30624389648438
2024-10-16,GOOGL,164.00831604003906
2024-10-17,GOOGL,161.79383850097656
2024-10-18,GOOGL,162.28042602539062
2024-10-21,GOOGL,162.92593383789062
2024-10-22,GOOGL,163.9884490966797
2024-10-23,GOOGL,161.64491271972656
2024-10-24,GOOGL,161.58531188964844
2024-10-25,GOOGL,164.11756896972656
2024-10-28,GOOGL,165.55743408203125
2024-10-29,GOOGL,168.49676513671875
2024-10-30,GOOGL,173.24343872070312
2024-10-31,GOOGL,169.91683959960938
2024-01-02,MSFT,363.11798095703125
2024-01-03,MSFT,362.8535461425781
2024-01-04,MSFT,360.2491455078125
2024-01-05,MSFT,360.0631103515625
2024-01-08,MSFT,366.8580627441406
2024-01-09,MSFT,367.93511962890625
2024-01-10,MSFT,374.7691345214844
2024-01-11,MSFT,376.59033203125
2024-01-12,MSFT,380.35003662109375
2024-01-16,MSFT,382.1124267578125
2024-01-17,MSFT,381.3291931152344
2024-01-18,MSFT,385.6371765136719
2024-01-19,MSFT,390.3368835449219
2024-01-22,MSFT,388.2220153808594
2024-01-23,MSFT,390.5620422363281
2024-01-24,MSFT,394.1455383300781
2024-01-25,MSFT,396.4072265625
2024-01-26,MSFT,395.4869384765625
2024-01-29,MSFT,401.1558532714844
2024-01-30,MSFT,400.0494689941406
2024-01-31,MSFT,389.2696533203125
2024-02-01,MSFT,395.3400573730469
2024-02-02,MSFT,402.6245422363281
2024-02-05,MSFT,397.17095947265625
2024-02-06,MSFT,397.0142517089844
2024-02-07,MSFT,405.3953552246094
2024-02-08,MSFT,405.4540710449219
2024-02-09,MSFT,411.7594909667969
2024-02-12,MSFT,406.5800476074219
2024-02-13,MSFT,397.82696533203125
2024-02-14,MSFT,401.672119140625
2024-02-15,MSFT,398.7980651855469
2024-02-16,MSFT,396.34576416015625
2024-02-20,MSFT,395.10003662109375
2024-02-21,MSFT,394.501708984375
2024-02-22,MSFT,403.7908020019531
2024-02-23,MSFT,402.50592041015625
2024-02-26,MSFT,399.7593688964844
2024-02-27,MSFT,399.7004699707031
2024-02-28,MSFT,399.9358825683594
2024-02-29,MSFT,405.7428894042969
2024-03-01,MSFT,407.5673522949219
2024-03-04,MSFT,406.99847412109375
2024-03-05,MSFT,394.9626159667969
2024-03-06,MSFT,394.4133605957031
2024-03-07,MSFT,401.3288269042969
2024-03-08,MSFT,398.4645690917969
2024-03-11,MSFT,396.79693603515625
2024-03-12,MSFT,407.3515625
2024-03-13,MSFT,407.1749572753906
2024-03-14,MSFT,417.101806640625
2024-03-15,MSFT,408.4697570800781
2024-03-18,MSFT,409.3526306152344
2024-03-19,MSFT,413.3645324707031
2024-03-20,MSFT,417.1116027832031
2024-03-21,MSFT,421.17254638671875
2024-03-22,MSFT,420.5545959472656
2024-03-25,MSFT,414.7867736816406
2024-03-26,MSFT,413.5998840332031
2024-03-27,MSFT,413.3841552734375
2024-03-28,MSFT,412.687744140625
2024-04-01,MSFT,416.4642028808594
2024-04-02,MSFT,413.39398193359375
2024-04-03,MSFT,412.4228820800781
2024-04-04,MSFT,409.9019470214844
2024-04-05,MSFT,417.39605712890625
2024-04-08,MSFT,416.48382568359375
2024-04-09,MSFT,418.14154052734375
2024-04-10,MSFT,415.1792297363281
2024-04-11,MSFT,419.7601013183594
2024-04-12,MSFT,413.8451232910156
2024-04-15,MSFT,405.7428894042969
2024-04-16,MSFT,406.6649475097656
2024-04-17,MSFT,403.9772033691406
2024-04-18,MSFT,396.5517272949219
2024-04-19,MSFT,391.5001220703125
2024-04-22,MSFT,393.3049011230469
2024-04-23,MSFT,399.78875732421875
2024-04-24,MSFT,401.25030517578125
2024-04-25,MSFT,391.42156982421875
2024-04-26,MSFT,398.5626220703125
2024-04-29,MSFT,394.5702819824219
2024-04-30,MSFT,381.8969421386719
2024-05-01,MSFT,387.39984130859375
2024-05-02,MSFT,390.2445068359375
2024-05-03,MSFT,398.8961181640625
2024-05-06,MSFT,405.6448059082031
2024-05-07,MSFT,401.52496337890625
2024-05-08,MSFT,402.70208740234375
2024-05-09,MSFT,404.4480285644531
2024-05-10,MSFT,406.82183837890625
2024-05-13,MSFT,405.8213195800781
2024-05-14,MSFT,408.60711669921875
2024-05-15,MSFT,415.751220703125
2024-05-16,MSFT,413.6973876953125
2024-05-17,MSFT,412.9309387207031
2024-05-20,MSFT,417.9720153808594
2024-05-21,MSFT,421.60797119140625
2024-05-22,MSFT,423.06231689453125
2024-05-23,MSFT,419.6032409667969
2024-05-24,MSFT,422.7085876464844
2024-05-28,MSFT,422.86578369140625
2024-05-29,MSFT,421.7357177734375
2024-05-30,MSFT,407.48687744140625
2024-05-31,MSFT,407.93896484375
2024-06-03,MSFT,406.35675048828125
2024-06-04,MSFT,408.86260986328125
2024-06-05,MSFT,416.6651306152344
2024-06-06,MSFT,417.166259765625
2024-06-07,MSFT,416.5078125
2024-06-10,MSFT,420.4582214355469
2024-06-11,MSFT,425.18487548828125
2024-06-12,MSFT,433.4197692871094
2024-06-13,MSFT,433.9306945800781
2024-06-14,MSFT,434.9035949707031
2024-06-17,MSFT,440.6031188964844
2024-06-18,MSFT,438.6082763671875
2024-06-20,MSFT,437.9794006347656
2024-06-21,MSFT,441.9887390136719
2024-06-24,MSFT,439.9152526855469
2024-06-25,MSFT,443.13848876953125
2024-06-26,MSFT,444.3274841308594
2024-06-27,MSFT,445.00555419921875
2024-06-28,MSFT,439.2076721191406
2024-07-01,MSFT,448.81829833984375
2024-07-02,MSFT,451.3241271972656
2024-07-03,MSFT,452.7883605957031
2024-07-05,MSFT,459.4607238769531
2024-07-08,MSFT,458.16357421875
2024-07-09,MSFT,451.57965087890625
2024-07-10,MSFT,458.17340087890625
2024-07-11,MSFT,446.823486328125
2024-07-12,MSFT,445.6933898925781
2024-07-15,MSFT,446.0962829589844
2024-07-16,MSFT,441.73321533203125
2024-07-17,MSFT,435.8371276855469
2024-07-18,MSFT,432.74163818359375
2024-07-19,MSFT,429.5381774902344
2024-07-22,MSFT,435.2672119140625
2024-07-23,MSFT,437.1440734863281
2024-07-24,MSFT,421.47039794921875
2024-07-25,MSFT,411.15228271484375
2024-07-26,MSFT,417.9032287597656
2024-07-29,MSFT,419.3379821777344
2024-07-30,MSFT,415.5939636230469
2024-07-31,MSFT,411.1031188964844
2024-08-01,MSFT,409.8846130371094
2024-08-02,MSFT,401.4139099121094
2024-08-05,MSFT,388.30499267578125
2024-08-06,MSFT,392.68780517578125
2024-08-07,MSFT,391.5281982421875
2024-08-08,MSFT,395.7143859863281
2024-08-09,MSFT,398.9866638183594
2024-08-12,MSFT,399.7630615234375
2024-08-13,MSFT,406.8382873535156
2024-08-14,MSFT,409.638916015625
2024-08-15,MSFT,414.482421875
2024-08-16,MSFT,411.9622497558594
2024-08-19,MSFT,414.9746398925781
2024-08-20,MSFT,418.19378662109375
2024-08-21,MSFT,417.5440979003906
2024-08-22,MSFT,409.087646484375
2024-08-23,MSFT,410.308349609375
2024-08-26,MSFT,407.0596618652344
2024-08-27,MSFT,407.4042663574219
2024-08-28,MSFT,404.21466064453125
2024-08-29,MSFT,406.6954345703125
2024-08-30,MSFT,410.6529541015625
2024-09-03,MSFT,403.0726623535156
2024-09-04,MSFT,402.5410461425781
2024-09-05,MSFT,402.03900146484375
2024-09-06,MSFT,395.4530029296875
2024-09-09,MSFT,399.4105529785156
2024-09-10,MSFT,407.7586364746094
2024-09-11,MSFT,416.4611511230469
2024-09-12,MSFT,420.35955810546875
2024-09-13,MSFT,423.8937683105469
2024-09-16,MSFT,424.632080078125
2024-09-17,MSFT,428.38287353515625
2024-09-18,MSFT,424.1103515625
2024-09-19,MSFT,431.8677978515625
2024-09-20,MSFT,428.5009765625
2024-09-23,MSFT,426.76837158203125
2024-09-24,MSFT,422.495849609375
2024-09-25,MSFT,425.3901062011719
2024-09-26,MSFT,424.6025695800781
2024-09-27,MSFT,421.3637390136719
2024-09-30,MSFT,423.6082458496094
2024-10-01,MSFT,414.147705078125
2024-10-02,MSFT,410.64306640625
2024-10-03,MSFT,410.062255859375
2024-10-04,MSFT,409.5897216796875
2024-10-07,MSFT,403.171142578125
2024-10-08,MSFT,408.2606506347656
2024-10-09,MSFT,410.9679260253906
2024-10-10,MSFT,409.3731384277344
2024-10-11,MSFT,409.845703125
2024-10-14,MSFT,412.6218566894531
2024-10-15,MSFT,412.2280578613281
2024-10-16,MSFT,409.6487731933594
2024-10-17,MSFT,410.2393798828125
2024-10-18,MSFT,411.6570739746094
2024-10-21,MSFT,412.26739501953125
2024-10-22,MSFT,420.8616638183594
2024-10-23,MSFT,417.9969482421875
2024-10-24,MSFT,418.1248779296875
2024-10-25,MSFT,421.4917297363281
2024-10-28,MSFT,419.9559631347656
2024-10-29,MSFT,425.232666015625
2024-10-30,MSFT,425.80364990234375
2024-10-31,MSFT,400.03070068359375
