title,author,date,summary,link
6 founding engineer roles at W22 YC startups,Ryan Choi,7/12/2022,"The YC job board has always been the best way to find early roles at funded and vetted YC startups. Below are a few of the most recent YC startups (Winter '22 batch) hiring for founding engineers, with compensation in the $160-180K range and equity around 1.5-2.0%.",https://www.ycombinator.com/blog/founding-engineer-roles-at-yc-startups
"Get one-on-one career advice from YC, starting with Anu Hariharan (Managing Director)",Paige Omura,6/30/2022,"Women have historically been underrepresented in tech, especially in technical roles like engineering and product. YC has run events to educate and support women in tech, and now we’re doubling down to offer tailored advice that’s specific to you and your career.",https://www.ycombinator.com/blog/meet-with-anu
Y Combinator’s (Virtual) Summer Career Expo - June 8th,Paige Omura,5/4/2022,"Y Combinator is hosting our Summer Career Expo online on Wednesday, June 8th, 4 pm PT. This is our way to introduce engineers, PMs, and designers to the latest batch of YC startups (W22) that are looking to hire.",https://www.ycombinator.com/blog/yc-tech-expo-s22
Meet top founders at YC Tech Talks: Healthcare,Paige Omura,4/20/2022,"We’re hosting YC Tech Talks: Healthcare on Wednesday, May 4 at 4pm PT (via Zoom). This event will give engineers, scientists, and other attendees an opportunity to hear directly from founders what problems keep them up at night and learn about emerging trends in the healthtech space.",https://www.ycombinator.com/blog/yc-tech-talks-healthcare
Join the YC Internship Program - Summer 2022,Paige Omura,3/9/2022,"YC startups are actively looking for summer interns across engineering, marketing, and more. If you're an undergrad or graduate student, apply to join our summer 2022 cohort.",https://www.ycombinator.com/blog/join-a-yc-startup-summer-2022
Black Engineers in Startups Seminar,Ryan Choi,1/19/2022,"This February, YC's Michael Seibel and Aston Motes, Director of /dev/color and 1st employee at Dropbox, are bringing together a cohort of black engineers who are interested in learning about startups and finding roles at fast-growing YC companies.",https://www.ycombinator.com/blog/black-engineers-in-startups-seminar
What startup hiring looks like in 2021 — and during a pandemic,Ryan Choi,1/17/2022,"Since launching Work at a Startup in 2018, we’ve collected a lot of data about the startup job landscape.

We wanted to share some trends we’ve seen over the last year that show where we’ve been – and inform where we’re going as a product:",https://www.ycombinator.com/blog/what-startup-hiring-looks-like-in-2021-and-during-a-pandemic
How to pick the right startup to work for,Ryan Choi,10/19/2021,"I talk to a lot of people who are trying to figure out which startup to join. I want to share some of the advice I’ve been giving, and I hope it helps you navigate your own job search.",https://www.ycombinator.com/blog/how-to-pick-the-right-startup-to-work-for
YC Jobs Series: Women Eng in Startups,Kat Mañalac,8/26/2021,"This fall, YC and Elpha (S19) will bring together a cohort of women engineers who are interested in finding roles at fast growing startups.",https://www.ycombinator.com/blog/yc-jobs-series-women-eng-in-startups
"11 YC startups hiring for biology, life sciences, chemistry and data informatics roles",Ryan Choi,8/12/2021,"Today, YC funds more seed stage biotech companies than any other investor.

To help further the mission of our biotech and hard science startups, YC is now expanding YC’s job platform to support science-related roles.",https://www.ycombinator.com/blog/11-yc-startups-hiring-for-biology-life-sciences-chemistry-and-data-informatics-roles
Find a remote or in-person job at a YC startup from the most recent Winter '21 batch,Ryan Choi,7/27/2021,"Y Combinator hosted our Summer 2021 Career Expo last month, which included 34 founders — many of whom graduated from YC’s most recent W21 batch. Many have customers and revenue and completed a fundraise; all are hiring early team members in engineering, product, design, sales and more.",https://www.ycombinator.com/blog/find-a-remote-or-in-person-job-at-a-yc-startup-from-the-most-recent-winter-21-batch
Watch 30 founder pitches from YC's GTM Jobs Expo,Ryan Choi,4/22/2021,"Y Combinator hosted our first Go-To-Market Jobs Expo in March, and we’re now posting the founder pitches on Work at a Startup.",https://www.ycombinator.com/blog/watch-30-founder-pitches-from-ycs-gtm-jobs-expo
YC Companies Looking for Summer 2021 Interns,Ryan Choi,4/15/2021,"With summer just around the corner, YC startups have projects that could benefit from the help of industrious student interns. Over 20 startups have posted open positions on YC’s Work at a Startup, which range from engineering to marketing to sales and more.",https://www.ycombinator.com/blog/yc-companies-looking-for-summer-2021-interns
YC hiring events (all virtual) to network with founders and find your next job,Ryan Choi,3/3/2021,"YC is hosting virtual events to help you meet great YC founders and find open roles at top YC startups. All YC startups attending are well-funded and actively hiring; each event starts with founders giving pitches for you to get familiar with the business and vision, followed by a virtual expo hall for you to network with the founders and their teams directly.",https://www.ycombinator.com/blog/yc-hiring-events-all-virtual-to-network-with-founders-and-find-your-next-job
YC's Go-To-Market Jobs Expo is March 18th,Ryan Choi,1/26/2021,"We are hosting our first Go-To-Market Jobs Expo on March 18th, specifically for people looking for non-engineering roles at YC startups. We’ll have 20+ YC startups that are looking for sales people, marketing experts, growth specialists and operators, among others. All companies are well-funded and growing quickly, and are looking for versatile candidates to help them scale their business.",https://www.ycombinator.com/blog/ycs-go-to-market-jobs-expo-is-march-18th
ICYMI: Watch 40+ founders pitch at YC's Work at a Startup Expo,Ryan Choi,12/11/2020,"If you’ve ever wondered what YC’s Demo Day is like, YC’s annual Work at a Startup Expo is a peek behind the curtain. Founders share what’s unique about their company, business and team, and attendees get to meet founders 1-1 to learn more. Granted, these pitches are geared a bit more towards hiring and engineering, but the stakes are still high and founders share the same energy and drive as during Demo Day. (And hiring a great early team is often as important as raising an early round.)",https://www.ycombinator.com/blog/watch-yc-founders-pitch-from-work-at-a-startup-expo
Early Engineer at Vanta (YC W18): Tom Denham,Ryan Choi,9/8/2020,"Tom Denham is an early engineer at Vanta (YC W18), automating security and compliance, starting with SOC 2, to protect customer data and build trust in internet businesses. Read more about his experience picking up full stack development and becoming a jack-of-all trades at the early stages of YC company.",https://www.ycombinator.com/blog/engineer-1-at-vanta-yc-w18-tom-denham
"#Hired on Work at a Startup: Deepak Jhalani, CTO at Ravti (YC S14)",Ryan Choi,9/1/2020,"Deepak Jhalani joined Ravti (S14) as their CTO after finding them on YC’s Work at a Startup. He previously managed a team of over 40 people, and was looking for his next challenge building a team and the technology from the ground up.",https://www.ycombinator.com/blog/hired-on-work-at-a-startup-deepak-jhalani-cto-at-ravti-yc-s14
YC’s First Lightning Tech Talks Series & Hiring Event on September 10,Ryan Choi,8/18/2020,"There are a lot of great YC startups that are experiencing rapid growth — despite COVID — and actively hiring in engineering, product and more. We want to create a space for engineers and others to learn more about these companies, their technology, and engage directly with founders and their teams, in small groups and 1-1.",https://www.ycombinator.com/blog/ycs-first-lightning-tech-talks-series-hiring-event-on-september-10
Career and Resume Advice: Student Edition,Ryan Choi,8/11/2020,"With the launch of YC’s list of startups hiring for fall 2020 interns, I’ve been getting a lot of requests for advice from students about their upcoming fall plans.",https://www.ycombinator.com/blog/career-and-resume-advice-student-edition
YC Companies Looking for Fall 2020 Interns,Ryan Choi,7/30/2020,"We’ve spoken to a number of college students who are considering foregoing a virtual fall term and instead looking to gain valuable work experience. Posts like this one on Linkedin — with over 7,500 interested responses from students — echo this same sentiment.",https://www.ycombinator.com/blog/yc-companies-looking-for-fall-2020-interns
Engineer #1 at ReadMe (YC W15): Marc Cuva,Ryan Choi,6/23/2020,"Marc Cuva is the lead Product Manager at ReadMe (YC W15), where he was also the company’s first full-time engineer. Learn more about Marc’s impact on the company vision, his transition to product, and the mentorship he’s gotten from ReadMe’s founder to further his development.",https://www.ycombinator.com/blog/engineer-1-at-readme-yc-w15-marc-cuva
Advice for job seekers on resumes and standing out,Ryan Choi,5/19/2020,"In my role here at YC, I spend a lot of time with job seekers doing 1-1s and resume reviews. Below are my most common pieces of advice.",https://www.ycombinator.com/blog/advice-for-job-seekers-on-resumes-and-standing-out
Meet 8 YC startups that are hiring right now,Ryan Choi,4/9/2020,"Many YC startups are actively hiring on Work at a Startup across engineering, product, design, marketing and more. We asked founders to shoot a 30-second video describing their businesses and open roles. Meet them below:",https://www.ycombinator.com/blog/meet-8-yc-startups-that-are-hiring-right-now
Finding your next role through Y Combinator,Ryan Choi,4/2/2020,"At YC, we want to help those who have been impacted by recent layoffs. As always, anyone is welcome to create a profile on Work at a Startup, which makes it simple to browse the 400+ YC companies that are well-funded and actively hiring, including larger ones like Segment, Brex and Instacart",https://www.ycombinator.com/blog/finding-your-next-role-through-y-combinator
40+ YC startups are now hiring for interns in the YC Summer Internship Program,Ryan Choi,3/4/2020,"We’ve nearly doubled the number of YC startups looking for interns this summer, and the companies & roles are posted on Work at a Startup!",https://www.ycombinator.com/blog/40-yc-startups-are-now-hiring-for-interns-in-the-yc-summer-internship-program
Vikrum Nijjar: Engineer #1 at Firebase and Founder of Gold Fig Labs (YC S19),Ryan Choi,11/22/2019,"Vikrum Nijjar joined as the first engineer at Firebase, and did whatever it took to help the company succeed: scaling out infrastructure, shipping mobile SDKs, hosting 1-1 office hours with developers and even standing in as SRE for 24×7 hour shifts… for over a year.",https://www.ycombinator.com/blog/vikrum-nijjar-engineer-1-at-firebase-and-founder-of-gold-fig-labs-yc-s19
Intern #1 to YC Founder: An Interview with Jack Forbes of Kopa (YC W19),Ryan Choi,10/25/2019,"I got a chance to interview Jack Forbes, CEO of Kopa (YC W19). He shares his experiences moonlighting as an intern at HigherMe (YC W15), playing soccer with YC founders & partners, and what drove him to start a YC company — even after being rejected.",https://www.ycombinator.com/blog/intern-1-to-yc-founder-an-interview-with-jack-forbes-of-kopa-yc-w19
Engineer #2 at ClearBrain (YC W18): Cynthia Rogers,Ryan Choi,10/1/2019,"Cynthia Rogers, a CS graduate from WPI near Boston, made her move to San Francisco with no job lined up, a decision tree of startup failure outcomes and well wishes from her old team at DraftKings.",https://www.ycombinator.com/blog/engineer-2-at-clearbrain-yc-w18-cynthia-rogers
Applications now open for the YC Summer 2020 Internship Program,Ryan Choi,9/18/2019,The Y Combinator Summer Internship Program is for undergraduate & graduate students in software engineering & data science who want to intern at a YC-backed startup.,https://www.ycombinator.com/blog/applications-now-open-for-the-yc-summer-2020-internship-program
"2019 YC Expo Recap: Watch the Pitches, Hear the Keynote & Find Your Dream Job",Ryan Choi,7/2/2019,"Over 900 engineers joined us for YC’s annual Work at a Startup Expo. The event kicked off with our Female Founders & Engineers mixer, followed by our open Expo hall and pitches by 40 vetted & funded YC companies.",https://www.ycombinator.com/blog/2019-yc-expo-recap-watch-the-pitches-hear-the-keynote-find-your-dream-job
Work at a Startup Expo on 6/29: Female Founder & Engineer Mixer,Ryan Choi,6/20/2019,"If you’re a woman engineer and you’re interested in meeting with female founders, we’re hosting a small mixer immediately before the Work at a Startup Expo — at 12 PM on 6/29 and hosted at the same venue.",https://www.ycombinator.com/blog/work-at-a-startup-expo-on-6-29-female-founder-engineer-mixer
"Join Y Combinator’s 3rd Annual Startup Expo on June 29th, 2019",Ryan Choi,5/22/2019,Are you a software engineer interested in joining a startup?,https://www.ycombinator.com/blog/join-y-combinators-3rd-annual-career-expo-on-june-29th-2019
